"probe","logFC","AveExpr","t","P.Value","adj.P.Val"
"1449519_at",4.30561316378565,8.18464692020023,14.7972311642015,5.89766162922582e-17,2.65990437139714e-12
"1449363_at",5.70625048926893,9.5105068145121,13.6713208973174,6.82102185894688e-16,1.53817453430182e-11
"1448272_at",3.512560102422,9.86966604394858,12.4521444582124,1.13424679346721e-14,1.40125673696683e-10
"1448239_at",3.83364297586124,11.1444644701305,12.4137502943761,1.24277221078631e-14,1.40125673696683e-10
"1455725_a_at",1.39337696818752,12.5869887660253,11.2152765905529,2.35968378600965e-13,2.03132950863226e-09
"1451340_at",3.09581894551961,6.61014734406774,11.1422073756479,2.84014447541935e-13,2.03132950863226e-09
"1417065_at",4.18037046444267,11.7036126909073,11.0288391131189,3.7914512940755e-13,2.03132950863226e-09
"1416268_at",1.81175389225639,9.37970013131255,11.0053333120913,4.02632862848939e-13,2.03132950863226e-09
"1415899_at",2.86945051476472,9.37037256001345,11.0026989034574,4.05356102474232e-13,2.03132950863226e-09
"1418936_at",3.99940880309786,8.08570388455436,10.9560628427289,4.56799346185151e-13,2.06021073122965e-09
"1420376_a_at",1.56161138305071,11.8934800201244,10.5705546252467,1.23974082343958e-12,4.86763930378684e-09
"1423622_a_at",1.47051314942108,9.79967022590988,10.553845994225,1.29513029967056e-12,4.86763930378684e-09
"1423100_at",5.17519559628043,10.1041451674345,10.3473954596824,2.22927161034613e-12,7.734029146017e-09
"1452519_a_at",2.20633035640772,11.7255710699382,10.2816649242545,2.65313936787102e-12,8.5470884735965e-09
"1424880_at",2.244174957391,8.90749349022177,10.0396099329642,5.0612787015769e-12,1.52179153813213e-08
"1416442_at",3.10994804056967,10.9453917610243,9.96391308909199,6.20385536783991e-12,1.74875050590592e-08
"1434496_at",2.86065432762582,9.88778253643233,9.8948728355838,7.47433207646027e-12,1.98294029988491e-08
"1437247_at",1.77913279992366,7.34338629640728,9.83945806529579,8.68380796222937e-12,2.17582457169171e-08
"1420099_at",2.06299799297273,7.48544186551829,9.48826330484504,2.26756174209124e-11,5.25268448794859e-08
"1447105_at",-1.87034355889538,6.32046121106085,-9.47851815238714,2.32929845810451e-11,5.25268448794859e-08
"1417409_at",3.74552675505796,11.5828782854151,9.36423616500873,3.19470341240832e-11,6.86115802871559e-08
"1416067_at",2.54345988161944,9.94813761426464,9.22638082534457,4.68714946579282e-11,9.60886945712373e-08
"1418835_at",2.08395078323075,10.6319605095692,9.1868740190578,5.23375416693696e-11,1.02629368123054e-07
"1443159_at",1.85863312573067,7.24363759329921,9.03890555991008,7.92504598959681e-11,1.48649804902423e-07
"1449984_at",3.95335534694759,6.64032974801283,9.02506470843959,8.23982865692682e-11,1.48649804902423e-07
"1440076_at",1.92221266554509,9.06356894232005,8.92878330467194,1.08114643826618e-10,1.87541482739395e-07
"1448694_at",2.95567924020956,10.2299162127772,8.86222435984587,1.30535878737259e-10,2.18048098775153e-07
"1444021_at",1.61955859563962,6.79005672714894,8.72526884813386,1.92705535492447e-10,3.0094290367717e-07
"1442277_at",2.89435301300271,8.9843074410587,8.70591220003972,2.03650022687264e-10,3.0094290367717e-07
"1447411_at",1.47913102889183,6.80610766764664,8.704911125565,2.0423290821266e-10,3.0094290367717e-07
"1423619_at",1.95902893294817,6.15368446296744,8.69410024325212,2.10636600243763e-10,3.0094290367717e-07
"1453582_at",2.5646629543409,8.58060913199822,8.68933335851692,2.13524598515985e-10,3.0094290367717e-07
"1416700_at",1.63312043993366,8.64742207908564,8.66727163140457,2.27423212874766e-10,3.05753347416971e-07
"1434350_at",3.15639710577867,7.73746128922711,8.66257858785085,2.3049630412135e-10,3.05753347416971e-07
"1426721_s_at",1.85255894191252,8.34308799113532,8.57507151218917,2.96189613812416e-10,3.8166993635868e-07
"1442014_at",2.58416528074511,8.27363164801818,8.52644779339224,3.40611129606032e-10,4.2671951545449e-07
"1432059_x_at",2.43077423770953,5.60076807689285,8.5092851018854,3.57857298952737e-10,4.36208703785605e-07
"1442726_s_at",1.78932462981162,7.03270371002598,8.49433418927565,3.73601902268869e-10,4.43416299848112e-07
"1447448_s_at",2.81551479541783,7.59176984944469,8.48212320728557,3.86981411291292e-10,4.47519195657656e-07
"1419149_at",3.96127872857372,6.86993012936133,8.4112249168602,4.74861417288086e-10,5.22359141002682e-07
"1417483_at",2.46027248239139,9.11997634869497,8.37847744879122,5.22043245708016e-10,5.60587438682791e-07
"1415779_s_at",1.78751582065007,12.3337661864182,8.3152216493557,6.27088693305932e-10,6.5772853853002e-07
"1444226_at",3.16469890060741,7.51988739879893,8.1957992501258,8.87577124995122e-10,9.09786725327386e-07
"1425305_at",2.3068785691757,7.57445113520536,8.15510986123483,9.99486053185391e-10,9.70513169156118e-07
"1456050_at",1.18670205974057,5.60801625438764,8.15119199808286,1.0109895986198e-09,9.70513169156118e-07
"1435381_at",-2.88198542390503,4.10346550229342,-8.15106080845669,1.01137710805387e-09,9.70513169156118e-07
"1417516_at",3.12790170487535,9.27761814336574,8.13238274104969,1.06811381579455e-09,1.0036041917948e-06
"1450716_at",1.66001507567153,8.13605996492369,8.10410663184441,1.1602078113582e-09,1.0678884183687e-06
"1419647_a_at",2.84375891842643,7.1809575301785,8.09559721549264,1.18946801065657e-09,1.07292393497244e-06
"1424022_at",2.25495320425199,11.4137522686179,8.05954243369196,1.32197837733427e-09,1.15905977514263e-06
"1444107_at",1.21502161557113,7.98836865234198,8.05585214935376,1.33635857979682e-09,1.15905977514263e-06
"1437210_a_at",1.90028157578685,10.2979938655548,8.03697914220639,1.41241875266177e-09,1.20191505969431e-06
"1445729_at",-1.62992177385346,6.04667791942194,-7.98373923863743,1.65148252831623e-09,1.36720837828987e-06
"1450264_a_at",2.29576148777902,10.7295543822966,7.97625798548823,1.68821495446692e-09,1.36720837828987e-06
"1424942_a_at",2.15665229848131,8.70904261463111,7.9688301224619,1.72550408184453e-09,1.36720837828987e-06
"1452160_at",2.12598603431191,8.09716997256549,7.96835468750796,1.72791906083064e-09,1.36720837828987e-06
"1417268_at",2.20126306069293,8.52813526077478,7.96170481581582,1.76205821784386e-09,1.37018254625821e-06
"1452161_at",1.97365061399085,7.42890497189172,7.91928248930588,1.99652698733898e-09,1.51647354952727e-06
"1455002_at",1.15738100901448,10.8883783193013,7.91574760099278,2.01743670809153e-09,1.51647354952727e-06
"1430357_at",3.41260014991728,6.62497326322096,7.90382972093887,2.08958212607939e-09,1.54495481095585e-06
"1429792_at",1.77328537020796,6.85323259404328,7.87054978136457,2.30518815814159e-09,1.65895339345972e-06
"1439094_at",1.4948658968787,7.54081084888956,7.86877000835615,2.3173336242647e-09,1.65895339345972e-06
"1447685_x_at",2.57290560396383,5.71607781101438,7.85427024624874,2.41872784670708e-09,1.704485072099e-06
"1416701_at",1.60183904843369,8.20042944353505,7.77907326836531,3.02132707208026e-09,2.06961107953738e-06
"1418572_x_at",2.84796567509547,8.69695737606896,7.77084361140528,3.09589966022129e-09,2.06961107953738e-06
"1433508_at",2.6289224888992,8.23568948417561,7.76843262974007,3.11809747732362e-09,2.06961107953738e-06
"1435062_at",1.85459251767774,5.49592868983323,7.71515679455265,3.65191773544998e-09,2.38703104038449e-06
"1447121_at",-1.66700982880224,6.43071044073289,-7.70442721888941,3.77015106931345e-09,2.39489554052262e-06
"1417013_at",1.30000203963967,11.3857230167237,7.68028594352096,4.05053530391213e-09,2.53726656585751e-06
"1427682_a_at",3.26977411277187,3.82062446450661,7.65598014228307,4.35416521969022e-09,2.69009870648286e-06
"1448728_a_at",2.31234029040959,7.61862063140933,7.63853755650022,4.58616207625846e-09,2.79514183515315e-06
"1423502_at",1.49549835667647,9.44813875520039,7.59210823855909,5.26653488227727e-09,3.12534197007352e-06
"1427742_a_at",2.86006616498437,7.41947010123377,7.55761714029518,5.83733809798603e-09,3.41908812412036e-06
"1451382_at",2.54366802587685,8.243921713634,7.54208998086261,6.1143486011178e-09,3.49067387669638e-06
"1416085_s_at",1.4613034121039,11.7236871489307,7.51673773664954,6.59551842124587e-09,3.71830595395762e-06
"1448830_at",2.34424827964875,11.4868911541137,7.49361449691563,7.06771845504076e-09,3.93532308692337e-06
"1435711_at",-1.17269632518767,6.32544658803945,-7.47249213928291,7.52888914763173e-09,4.09108951141372e-06
"1425351_at",2.61355364944152,9.17371254314163,7.45614226871433,7.90665840725209e-09,4.24521667649377e-06
"1451064_a_at",3.37444042302767,5.09168497158877,7.42729252733689,8.62060661621856e-09,4.57409387056557e-06
"1457404_at",2.23949228028114,7.39841976001867,7.39047406833187,9.62727691588729e-09,4.99080248486704e-06
"1436202_at",2.3143206783228,6.90205186877865,7.38082753105387,9.9101412808891e-09,5.07906002169749e-06
"1418280_at",2.68005724966332,7.87199258868108,7.37666710187711,1.00347153786694e-08,5.08254977555244e-06
"1452472_at",-1.35454479731966,7.32974436534894,-7.36252936355495,1.04699837064334e-08,5.18908500158078e-06
"1419024_at",1.35018532806965,10.3387822406363,7.35273398402085,1.07827033368787e-08,5.2859859043105e-06
"1448873_at",-1.06198381069566,7.88539717251132,-7.33068090918836,1.15217430395333e-08,5.58754981533323e-06
"1430535_at",1.46470246368394,8.65105521051323,7.31303955467283,1.21496361437269e-08,5.82936957147051e-06
"1419254_at",1.72718916968973,5.88756293502308,7.28624010793989,1.31702937434938e-08,6.25256229605593e-06
"1451264_at",1.45604110203599,6.37200899207741,7.23948895494884,1.51626936375435e-08,7.09012840678848e-06
"1427718_a_at",1.13331447483399,8.57737955660775,7.19984974123671,1.70890054192102e-08,7.86460442256939e-06
"1418571_at",2.57577356389245,9.01912782798722,7.1530694238656,1.96830110847524e-08,8.87723482933417e-06
"1455899_x_at",2.6504964849432,9.34223814965956,7.04598531519706,2.72200464634877e-08,1.21549635202946e-05
"1448529_at",1.70957033173981,7.35795621072623,7.01013222477812,3.03474132839594e-08,1.32883367623287e-05
"1418949_at",2.64073521324864,9.912255123313,6.9845592374964,3.27973638790459e-08,1.42230183491236e-05
"1437606_at",2.08678227332297,5.49957843887509,6.97638571507374,3.36217453217979e-08,1.43054182618718e-05
"1417014_at",1.31931640404723,10.5450267843193,6.96738206811299,3.45540689938412e-08,1.45647015485162e-05
"1440220_at",-1.17926239867946,5.94681634613369,-6.94688593713089,3.67748574807121e-08,1.53572485855333e-05
"1456212_x_at",2.29266990632471,8.81600191343387,6.94092602981786,3.74472421763499e-08,1.54945694439959e-05
"1437647_at",-1.03045208463797,6.63828584954457,-6.92527589160846,3.92724790191064e-08,1.61020734203702e-05
"1448325_at",1.3669552243605,8.84347455133893,6.83363596105657,5.1912783302935e-08,2.05378810504006e-05
"1437173_at",1.54523705872896,5.83751816801265,6.81550231451459,5.48638497273119e-08,2.15166477091434e-05
"1426875_s_at",2.0208165949,10.2674085514757,6.78330029233144,6.05274233193938e-08,2.33733557631296e-05
"1436871_at",1.18447413348243,7.41216331826885,6.78272043203809,6.06346339169012e-08,2.33733557631296e-05
"1446521_at",1.04105510734757,6.26848179839987,6.7532510805989,6.63428535614259e-08,2.51439414997804e-05
"1419675_at",1.22555889570209,6.07695448201706,6.72682123206006,7.19216144944343e-08,2.70311394609457e-05
"1431182_at",1.67891281163871,7.77301820023184,6.70946766491187,7.58392494164526e-08,2.80362785896019e-05
"1449322_at",1.00774694451324,11.6486059629764,6.68565638042499,8.15669968216817e-08,2.99085619809322e-05
"1416505_at",2.64515301991659,8.45792634939609,6.65790747521608,8.87940968208746e-08,3.22959883928892e-05
"1429758_at",1.42021385932911,8.82743777205661,6.64173627425037,9.32997321629095e-08,3.3663289762235e-05
"1440831_at",1.1525431109647,9.92549078028143,6.62832159660257,9.72115511943841e-08,3.45223477985663e-05
"1431175_at",-1.03292361356102,7.53533328312501,-6.61957750192374,9.98498676299379e-08,3.49095262013785e-05
"1416576_at",2.08352751019946,8.33913200465307,6.58626279121743,1.10579479395706e-07,3.77821598501951e-05
"1434364_at",1.7901974409481,3.82337803350614,6.56947384024817,1.16419068402769e-07,3.90875256459592e-05
"1418616_at",1.16790506498998,7.73758173840201,6.56850379187101,1.16765804636854e-07,3.90875256459592e-05
"1454992_at",2.44200279080054,4.75562659461217,6.56785029683937,1.16999976989523e-07,3.90875256459592e-05
"1434967_at",1.01364436296674,7.23815471678307,6.55675145074192,1.2105007396606e-07,4.01432307789948e-05
"1449311_at",1.02307421979571,6.49587309939037,6.55038185795972,1.23437821421635e-07,4.06362714155999e-05
"1451680_at",2.12009027774658,9.90623811663774,6.5354014631449,1.29241956604644e-07,4.22387064117829e-05
"1420804_s_at",2.33251212618606,4.21913622817227,6.52376434287417,1.33939624837672e-07,4.31486501414561e-05
"1451612_at",1.80833034934945,9.04618607228062,6.4826496228777,1.5195585733505e-07,4.69408296004664e-05
"1443048_at",-2.61156570258641,4.42661369691319,-6.47981902993948,1.53282391876871e-07,4.70284976601276e-05
"1452359_at",1.47804591896167,8.16182871093248,6.46354106015828,1.61140186096517e-07,4.91052941428312e-05
"1416756_at",2.63520763143256,10.6978928821488,6.45388376250836,1.65992192668736e-07,5.02443884667965e-05
"1427243_at",1.66926175489072,8.3487067659234,6.42399949548059,1.81957327702498e-07,5.3989851557305e-05
"1438658_a_at",1.23859250764677,7.21621820338748,6.39337251188278,1.99923066746692e-07,5.8889429900339e-05
"1441324_at",-1.71147937385802,4.61549186960816,-6.37027155293538,2.14644907420461e-07,6.24561288359369e-05
"1445862_at",-1.07607314463622,6.65034674221425,-6.3496924100843,2.2867511485032e-07,6.61120279157966e-05
"1421041_s_at",1.83512912560535,10.7807670893761,6.32364702837852,2.47761259146265e-07,7.06674471730433e-05
"1457486_at",-1.19545946366004,5.93937680082747,-6.32335889213546,2.47981122138522e-07,7.06674471730433e-05
"1437929_at",-1.19726780419602,5.90731405792134,-6.30187017411859,2.64942869446659e-07,7.46824272182111e-05
"1424737_at",2.31026844621222,9.34907689116965,6.29974908030514,2.66679065254508e-07,7.47049224971651e-05
"1431316_at",-1.18458387725981,5.25631479125919,-6.29402909241433,2.71418273319075e-07,7.55631823763184e-05
"1457110_at",-1.88729320308719,5.5873346666156,-6.27245984019955,2.90062845331399e-07,7.92856023472209e-05
"1444396_at",-1.47348287864249,6.53725173147079,-6.2580560534966,3.0322468983172e-07,8.18906391383258e-05
"1440226_at",-1.40810771022123,5.46191065909256,-6.24897618420852,3.11828211742103e-07,8.37128820105986e-05
"1428864_at",2.66080589470712,6.65897046012974,6.19327395824716,3.70243294205124e-07,9.70833884415424e-05
"1429484_at",-2.07231495512053,3.28158431479023,-6.18189897405094,3.83461380621132e-07,9.88256670136781e-05
"1416600_a_at",1.48757307673658,9.25069414428983,6.17600592898886,3.90494495913855e-07,0.000100066433296652
"1416630_at",1.56461314455825,9.16414452332153,6.14666386873755,4.27488074658155e-07,0.000107111886973097
"1437584_at",-2.00230545094484,3.10061499140091,-6.12188220569225,4.61458976616485e-07,0.000114353084090001
"1422973_a_at",2.1094526144692,8.0328546990313,6.1009486589329,4.92256968750835e-07,0.000119821613392181
"1456979_at",-1.23612273468516,6.03019987634338,-6.09802088580817,4.96725703962721e-07,0.000119821613392181
"1422850_at",-1.07285605871683,8.23532506734398,-6.09796571107406,4.96810308071615e-07,0.000119821613392181
"1417884_at",1.9292889422885,6.37745091500742,6.06860017832026,5.43953516031588e-07,0.000129678620474552
"1440260_at",-1.0518684438748,6.0543826995779,-6.06308378074641,5.5329778043589e-07,0.00013065069735832
"1427540_at",1.11096503863841,6.54941490141989,6.0580354075941,5.61990254727039e-07,0.000132012096241897
"1417406_at",1.42556254159747,7.69224235816413,6.04712211362249,5.81252016953274e-07,0.000135129109363967
"1438245_at",-1.31362470469651,6.22335766095637,-6.04165487197766,5.91149085948942e-07,0.000136725204745555
"1441228_at",1.50108273432354,6.67107555533166,6.01898312595393,6.34026338846094e-07,0.000145564358801954
"1429603_at",-1.83327472493443,4.08586773253401,-6.01806784387022,6.35821349504112e-07,0.000145564358801954
"1417394_at",1.4889399903891,6.74491748004699,6.00906173479954,6.53757696353369e-07,0.000148914777087037
"1420502_at",1.35340332290611,10.4345833143888,5.99970282611073,6.72934273157347e-07,0.000152512606299847
"1448890_at",1.16654019617611,8.04952028967397,5.98531407974039,7.03522653619925e-07,0.000158647876004561
"1455679_at",1.87849211995885,5.81078633773963,5.97420588992884,7.2808699864299e-07,0.000162561642206918
"1453678_at",1.38525599225272,5.98287833887033,5.97041416332611,7.36667207276836e-07,0.000163667131602919
"1454055_at",1.91279176148259,4.35235543922367,5.91695492854686,8.68999958498875e-07,0.000188426765039701
"1439348_at",1.3174681501432,7.45771798228898,5.86633227503754,1.016199759389e-06,0.000214166473589735
"1451160_s_at",1.55243202418219,7.37689339244175,5.85716716457404,1.04540476393462e-06,0.000219296745387049
"1430838_x_at",1.28031968170346,6.15310696922684,5.85201348416924,1.06219476442152e-06,0.00022076518926348
"1418255_s_at",1.0884826419279,6.56913687745247,5.84737647512967,1.07753211605008e-06,0.00022190765281267
"1442018_at",1.88569789483708,6.03802058850238,5.79924928873823,1.25041750348031e-06,0.000250644799219847
"1435207_at",-1.28824236592672,6.69037291112296,-5.76719825950305,1.38069136456374e-06,0.000273116496636794
"1417205_at",1.02990825965567,9.64430119834531,5.74410587213412,1.4828887939432e-06,0.000292051386443809
"1416255_at",1.06055584235808,7.77113249429987,5.70688889102705,1.66375654087542e-06,0.000322047569742585
"1418350_at",2.01949554082131,5.9033136184164,5.70179997481942,1.69014510310808e-06,0.000324371209767138
"1438133_a_at",2.43745306610622,7.32650863034423,5.6868130969308,1.77031532615908e-06,0.00033831776069958
"1433374_at",-1.45996128984684,2.07405310735784,-5.68293884193957,1.7916514040681e-06,0.000340950506223102
"1441033_at",-1.02677999146143,5.62067215847516,-5.64188152813603,2.03417836490677e-06,0.000379105282791984
"1439293_at",-1.65281293906875,6.64395190638126,-5.63767761048505,2.06079208944422e-06,0.000382484707926025
"1426858_at",1.51155039797495,8.09642376291581,5.62670765551709,2.13188944922863e-06,0.000390150074488915
"1424457_at",1.07936634262481,8.10162719370381,5.62597946947126,2.13669471627596e-06,0.000390150074488915
"1430319_at",-1.16329450237567,6.96180172548362,-5.62093645417788,2.17027163824704e-06,0.000393098076934056
"1442732_at",-1.30084961923283,6.0434166970266,-5.61211558305679,2.23027422407614e-06,0.000401187105038099
"1438244_at",-1.01626309786032,6.24913502452702,-5.61176089341606,2.23272130029407e-06,0.000401187105038099
"1421031_a_at",2.50649378977298,8.35102558163097,5.59970616527986,2.31750327596433e-06,0.000411502815941996
"1424402_at",-1.03929817725978,4.80846838812471,-5.59773532273335,2.33166704857918e-06,0.000412394178658705
"1452418_at",1.190010731041,11.3241591595247,5.58319857259785,2.438843273515e-06,0.000422367453121654
"1416755_at",2.54450684640812,10.2990923326342,5.58291514785238,2.44098108116058e-06,0.000422367453121654
"1424296_at",1.41693477002997,11.9273858721428,5.58248287033554,2.4442452554212e-06,0.000422367453121654
"1460314_s_at",1.05198071408732,7.37512074287576,5.58066351298683,2.4580312695934e-06,0.000423128504923404
"1439342_at",-1.2162833302149,8.29648803891851,-5.53780689098827,2.80620725989894e-06,0.000469749142382662
"1417426_at",1.22242931856862,9.21663418351822,5.53697233279726,2.81345493650548e-06,0.000469749142382662
"1455959_s_at",1.35436492946157,11.3994361127211,5.52544999323056,2.91545107781899e-06,0.000479889631608446
"1454607_s_at",1.45081045825727,5.37846184395759,5.51309594375375,3.02891271871716e-06,0.00049495287147414
"1419209_at",3.63906083160702,8.93931928756652,5.50415781670034,3.11373959822493e-06,0.000505859683440659
"1416926_at",1.37078597988494,11.3069552790836,5.48320144623923,3.3220356890644e-06,0.000535096898616048
"1430352_at",2.37653174598241,4.54303220656191,5.47630163318481,3.39361420550269e-06,0.000544681118442622
"1446750_at",1.28571230090461,6.30765358843492,5.46980916393605,3.46237133181128e-06,0.000553746132751846
"1416084_at",1.3715546883549,8.79644928947458,5.44655619441733,3.72022662227227e-06,0.000588722599617901
"1418766_s_at",-1.01301964984089,7.18922434431538,-5.43913275508377,3.80651292964997e-06,0.000598179580627677
"1425401_at",-1.46086225474897,4.21610304255442,-5.40924867762118,4.17453141448287e-06,0.000646664746343659
"1425965_at",1.87012481626933,6.4567126445346,5.37934944068859,4.57822539576804e-06,0.000692894441525283
"1431381_at",-1.35135531771131,4.49036903928025,-5.3756094133806,4.63138635776174e-06,0.000696885410920807
"1433920_at",1.0597348119129,6.38170680117281,5.37532188897544,4.63549862034638e-06,0.000696885410920807
"1447232_at",-1.6492411596016,3.89676494136394,-5.36883655189145,4.72922673345743e-06,0.000706267731475707
"1444820_at",1.44599420373339,5.53515194938693,5.35541554114884,4.92923176311577e-06,0.000730723169449366
"1428319_at",1.05037037412142,6.93507617649135,5.34580247047636,5.07764860032333e-06,0.000745951236231864
"1452816_at",2.8318912558259,5.0496051628069,5.34332498965178,5.11661481296649e-06,0.000747011424428447
"1425837_a_at",1.5646156548155,8.66829440125902,5.3432378100376,5.11799140037671e-06,0.000747011424428447
"1423672_at",-1.03366433176128,6.40743465437264,-5.33629647519045,5.22878930279038e-06,0.000758275325868646
"1444722_at",1.04048417949013,6.47353504863135,5.3296464264338,5.33717796538296e-06,0.000766853186895917
"1422021_at",2.09307141305853,4.44166724092697,5.32953893883036,5.33894815381739e-06,0.000766853186895917
"1416039_x_at",2.33325544563659,7.93395905365651,5.32461858896999,5.42060945022468e-06,0.000776110815284391
"1458049_at",-1.30399252837626,6.23599953314841,-5.3005312452959,5.83868650718706e-06,0.000820344548787051
"1457243_at",-1.21694528500861,5.30209236546496,-5.2911642393881,6.00980467362178e-06,0.000839675706507873
"1453119_at",1.10941058797148,6.91754927574964,5.2909644336314,6.01350864065194e-06,0.000839675706507873
"1425774_at",1.66681075830637,6.42063790703672,5.28106455219977,6.19990559048236e-06,0.000860375206265677
"1455778_at",-1.16083636941589,6.47300221048015,-5.26759688316652,6.46274498157294e-06,0.000883261398224004
"1429813_at",-2.07145838621137,4.77645542122782,-5.26524066038328,6.50985671909898e-06,0.000887012229269133
"1443088_at",1.37998678627299,5.92795038958979,5.25190589721317,6.78299400097017e-06,0.000915383606465711
"1456914_at",-1.09747740235111,4.87125841520273,-5.24099030023807,7.01504605264457e-06,0.000938829649911937
"1453590_at",1.55808661816422,5.37433758187984,5.22985883306654,7.25982344244952e-06,0.000965856333563173
"1441060_at",-1.79154585904457,3.60070096192982,-5.21871865338672,7.51329920308724e-06,0.000993716443866386
"1415834_at",1.94596171334894,9.9311303403746,5.20415571889652,7.85797585752952e-06,0.00102925616684029
"1419253_at",1.18996260061436,6.14209132620703,5.20313738909828,7.88265791601241e-06,0.00102925616684029
"1447670_at",-2.32206107908004,3.81461905167852,-5.20258355789843,7.89611391602717e-06,0.00102925616684029
"1421811_at",2.31068106563894,6.02556309736377,5.19754783934691,8.01951587526225e-06,0.00104232906481326
"1455565_at",-1.90372511160342,4.03796812423677,-5.1964336200085,8.04707830310979e-06,0.00104290597284067
"1418025_at",1.09251972542287,8.97383539959408,5.19318846152124,8.12789170544773e-06,0.00105036115704125
"1444399_at",1.80968193287752,4.91062098347333,5.19092369957522,8.18476824488533e-06,0.00105468923603592
"1459961_a_at",1.05019685956549,6.550639505196,5.18922250096566,8.22775180560613e-06,0.00105720750479955
"1443673_x_at",1.62584034863639,8.08574639935323,5.18483595540337,8.3396235675485e-06,0.00106853796170456
"1427683_at",1.80607854541795,5.12857826561255,5.1808712862334,8.44203685494973e-06,0.00107859576259232
"1416250_at",3.29859200985295,9.96621885565415,5.15884648032268,9.03416324740157e-06,0.00113180499061405
"1436771_x_at",1.04434193082049,8.91823025874106,5.12767873165133,9.94328775728298e-06,0.00122527929273557
"1442336_at",1.91107452324111,4.9905935359837,5.12325752252463,1.00794085024264e-05,0.00123866867266467
"1416041_at",1.05586594811883,10.2428235962345,5.10151344996608,1.07762927076791e-05,0.00131357183083523
"1436832_at",-1.55961801973514,5.48835597039253,-5.09639071332828,1.09473201475086e-05,0.0013259037820857
"1457644_s_at",3.18579890112175,9.71656753237771,5.09496515817639,1.09953914120183e-05,0.00132594424618566
"1450971_at",1.27108199455793,8.66345187695333,5.08944406224522,1.11835556054169e-05,0.00134286851498008
"1439331_at",-1.15533504366116,5.46698451110986,-5.07730411860075,1.16086195007343e-05,0.00137779038974373
"1416927_at",1.36027995206192,8.69877714886423,5.0483530272943,1.26881643561805e-05,0.00148251010525413
"1433451_at",1.80944999593852,4.98651121282359,5.02473453353912,1.36422364379717e-05,0.00156958802446164
"1451946_a_at",1.89192323059944,3.5604083142969,5.00903804216987,1.43153441526632e-05,0.00163144679686159
"1445381_at",1.19565145730781,5.83766816111107,5.0032327453779,1.45725528528014e-05,0.00165441065013244
"1421529_a_at",1.05885494300285,11.0359232416288,4.98160522806852,1.5571786322785e-05,0.0017426876797616
"1417612_at",1.41055172881458,7.55283675824503,4.97593204388603,1.58449644439825e-05,0.00176015699849274
"1460212_at",1.30737058653697,6.38448916610053,4.97343588292499,1.59666617535465e-05,0.00176931796497961
"1439675_at",-1.07339073941952,9.5159109121376,-4.96917933356647,1.61763266561175e-05,0.00178815810911166
"1429767_at",-1.10254781147588,5.76804387084377,-4.95082518021423,1.71121134942895e-05,0.0018641870306907
"1422589_at",-1.54321614960309,3.68732394849212,-4.9290542126162,1.82919102625881e-05,0.00198313328065621
"1430837_a_at",1.36225288532817,5.76664145293251,4.9269205936522,1.84117843406824e-05,0.00198994084125956
"1418714_at",1.76085447769715,6.17212271911625,4.90901874988264,1.94487352648662e-05,0.00208350928546492
"1436655_at",-1.07566043684893,5.14636052141229,-4.90059170668482,1.99566992646106e-05,0.00212763394531396
"1443897_at",2.36994063997565,5.77548269137875,4.90007271334092,1.99884093165116e-05,0.00212763394531396
"1419208_at",1.23516753383559,6.07490239108155,4.89369588674003,2.03821271377449e-05,0.00216295133185749
"1421863_at",-1.38892389697545,4.18695848120049,-4.89084648892586,2.05605291272926e-05,0.00217201728031777
"1451491_at",-1.59841565338715,3.6965194235043,-4.88200845786762,2.11237814811492e-05,0.00220533256616044
"1431339_a_at",1.03912261059373,8.90266638221379,4.87586748472063,2.15241227080326e-05,0.00222651251893343
"1418674_at",1.06073946477699,6.91168514914816,4.86182833505658,2.24678102016969e-05,0.00230300160887894
"1444495_at",-1.91350472507232,3.99830839003149,-4.86030343962628,2.25727462930793e-05,0.00230663867581268
"1433205_at",1.55453940825548,6.72649313874995,4.85982774312531,2.2605580690211e-05,0.00230663867581268
"1416601_a_at",1.39992610443829,7.87936371562391,4.85754703713216,2.27636619453649e-05,0.00231752577290723
"1442560_at",-1.39210691415957,5.97475160261922,-4.84487395107887,2.36622128889605e-05,0.00237153214112224
"1459718_x_at",1.51327664047017,4.26819365206907,4.84230403511107,2.3848663871918e-05,0.00238104235557504
"1418675_at",1.56575951469575,5.01370337971422,4.84066583035299,2.39682763005491e-05,0.00238104235557504
"1456677_at",1.13150927166013,5.79587589275912,4.83826141526744,2.4144909434509e-05,0.00238107761673478
"1444266_at",-1.1465655404475,5.79055989534049,-4.83566065825073,2.43374172571768e-05,0.00238107761673478
"1427347_s_at",1.05820614735987,11.4224229418412,4.83423333432122,2.44437126401348e-05,0.00238107761673478
"1438880_at",-1.84266712221805,3.41804530310131,-4.83423242738171,2.44437803274473e-05,0.00238107761673478
"1448749_at",1.17465102733048,5.98157840738822,4.83276537329589,2.45535137443522e-05,0.00238147962018071
"1431916_at",-1.65667002706245,5.41246782705968,-4.82732369247876,2.49648190715059e-05,0.0024054221439748
"1452973_at",-1.0696817924932,10.1121941595419,-4.82668286403276,2.50137022576923e-05,0.0024054221439748
"1429693_at",1.09628621247796,5.46217655409313,4.81392857221406,2.60065624574164e-05,0.00247451893120662
"1454742_at",1.11746434307283,9.40985088224447,4.80309762821167,2.68802513693305e-05,0.00250933208272696
"1453776_at",-1.59910770207108,3.50976171529899,-4.78547413353582,2.83643467394353e-05,0.0025895959560633
"1430370_at",1.041650606206,5.4927046312959,4.77590125854355,2.92041711240779e-05,0.00264485405997397
"1451206_s_at",1.82966048417615,5.97476416712068,4.7732944919364,2.94370915865347e-05,0.00266060574678216
"1437199_at",2.75074044438492,6.02358708286232,4.76052623306919,3.06047721020242e-05,0.00274414677251172
"1455980_a_at",1.2991792881706,4.48495761768321,4.7452228062572,3.206477354018e-05,0.00284116571991289
"1423904_a_at",1.23392061351622,7.69536785122439,4.7417612397803,3.24044519582834e-05,0.00286002580777014
"1459293_at",-1.20137784292936,6.0394304378351,-4.73987261549594,3.25912773203404e-05,0.00287089687192318
"1453429_at",1.22209418224848,5.66695396817574,4.71977213133972,3.46468185503282e-05,0.00298207283098922
"1420249_s_at",1.13580556339641,7.56027593944762,4.7017562618515,3.65977573479617e-05,0.00309100272312813
"1453202_at",1.38825350914167,4.02531964164439,4.69642113065151,3.71960547208047e-05,0.00311817707056322
"1430502_at",-1.40054824749555,3.90508208899236,-4.68750357873145,3.82177417230764e-05,0.00317145473192214
"1455769_at",-1.39763817521356,3.13526164652892,-4.66737159323129,4.0627308931527e-05,0.00333758153027468
"1428518_at",1.55619848426248,5.48151216790341,4.65508789443205,4.21705902362655e-05,0.00340716832614611
"1420394_s_at",1.26427284348009,7.75470865787134,4.64147531480686,4.39484944095678e-05,0.00348821900641605
"1419477_at",-1.54564298958579,6.19003858552423,-4.62773819254661,4.58176406113341e-05,0.00356279553312376
"1435294_at",-1.40793982066129,3.03306234670221,-4.62578838547146,4.60892227542154e-05,0.00357774532777602
"1442340_x_at",2.39406273862406,5.37273372381108,4.61572526914643,4.75163380592137e-05,0.00363842845977691
"1421426_at",1.29205290132571,3.74612512533433,4.61467750408794,4.76674114421107e-05,0.0036434418800341
"1457824_at",2.312011777033,5.42177685709211,4.61213000325933,4.80367059563212e-05,0.0036434418800341
"1454842_a_at",-1.11433981451868,5.1576058278126,-4.60815181168584,4.86190515603499e-05,0.00365261641821167
"1428834_at",1.34339678591656,5.37884986794962,4.60171171771124,4.95765787310823e-05,0.00368969187681607
"1439071_at",1.01655336948985,6.56491636475948,4.59865300254609,5.00378477035956e-05,0.00371788627558462
"1436447_at",-1.17531691768399,5.17635705309463,-4.5979134857147,5.01500043784698e-05,0.00372009103202856
"1458916_at",-1.31104119129913,4.33354096676933,-4.59126452717221,5.1169601122836e-05,0.00376476375243234
"1456002_at",-1.4442813188142,1.78190809042,-4.58667207055065,5.18857501952648e-05,0.00379270538015662
"1446618_at",-1.15466027103428,5.49175187127043,-4.57850026167673,5.31845891494253e-05,0.00385020570662637
"1423691_x_at",1.29535622274041,11.1702097147718,4.57087611400446,5.44252665907304e-05,0.00392073623605346
"1429343_at",-1.8073810154769,4.77347866851816,-4.56880388001386,5.47673849518564e-05,0.00392073623605346
"1446007_at",-1.32005412736954,5.71862594830215,-4.56781574807432,5.49312677032725e-05,0.00392145599845105
"1419532_at",1.55891972626975,5.3261492208332,4.56446202167486,5.54911002131226e-05,0.00395371897426863
"1441519_at",2.09610065693601,3.03430741113815,4.5632938218475,5.56874239441897e-05,0.00396144874969542
"1458079_at",-1.03946163826835,5.68557029043905,-4.56183929185012,5.59328246432783e-05,0.0039726398806874
"1428748_at",-1.2181069996509,5.79576551908101,-4.55692096993989,5.67705415122585e-05,0.00401947910948881
"1438814_at",1.02943517032827,6.73091208130276,4.54633090770223,5.86165108441174e-05,0.00411758572253678
"1426599_a_at",1.02125051208247,7.65869478351183,4.54532294115658,5.87952640809225e-05,0.00411758572253678
"1423903_at",1.31694659844048,7.46682077216748,4.52989856804161,6.15985873037058e-05,0.00425445311789347
"1442700_at",1.4231629412512,6.18726989210988,4.52539278581058,6.24420695910184e-05,0.00429954164980843
"1424923_at",1.30042127192743,7.88990158420586,4.52219334816158,6.3047902790816e-05,0.00431759632884731
"1435905_at",-1.00806861731316,4.86199916993048,-4.52198684458527,6.30872038471514e-05,0.00431759632884731
"1453573_at",1.31771796401679,4.4104681099276,4.52039397114023,6.339116624824e-05,0.00433182574085132
"1418156_at",1.97928794465384,5.13610881939922,4.50586738070478,6.62306386362185e-05,0.00445831049721207
"1442054_at",-1.40923762074453,4.06454069367247,-4.50251904159705,6.6902688786286e-05,0.004483474245097
"1422473_at",1.20575890899587,6.93125057286741,4.49823326940703,6.77726994315543e-05,0.00453503934282274
"1453224_at",1.1749001626673,7.28006836427372,4.4880799260066,6.98785337268062e-05,0.00465523153561697
"1457823_at",2.19475863544887,5.29561288594874,4.4833513616052,7.08811140746011e-05,0.00470118989099791
"1458144_at",-1.11913238024184,4.83953946446725,-4.47450842940051,7.27941980319991e-05,0.00477946825511993
"1435455_at",1.27948726592724,5.88789808994834,4.467873377945,7.42629175557014e-05,0.00486339870840156
"1439167_at",-1.34280046130679,5.26771057094284,-4.46683058610173,7.44963844986493e-05,0.00486339870840156
"1418409_at",-1.39104013756142,3.82526449080673,-4.46568585515387,7.47535060272769e-05,0.004872048952798
"1456467_s_at",-1.10021326009508,4.58147986363482,-4.45875513056471,7.63289933060035e-05,0.00496039470762833
"1416431_at",2.1517950733612,6.66868353210497,4.45186016757949,7.79287626320688e-05,0.00505467683972049
"1420710_at",1.26554510700515,5.02951160783492,4.45153964964064,7.80039263086287e-05,0.00505467683972049
"1457184_at",1.57426378954347,3.48403648390735,4.44207163145813,8.02567034761936e-05,0.00517624930898776
"1426726_at",1.53036039025791,8.30181827421884,4.44084286645052,8.0553723147635e-05,0.00518134729739359
"1453374_at",1.28127765960727,5.66363017890732,4.43950734657857,8.08777742703063e-05,0.00518134729739359
"1458134_at",-1.34841893463562,4.94575949447978,-4.43343672722794,8.23669877134635e-05,0.0052543614043351
"1440669_at",-1.32675315086881,4.74363535523651,-4.42803829436454,8.37139399601618e-05,0.00530278427829109
"1458863_at",-1.08822490970347,4.82379482970771,-4.42661821884942,8.40718443748307e-05,0.0053105381696768
"1426727_s_at",1.38849435039683,7.84673212548686,4.42035507094257,8.56683961259565e-05,0.00538874523525351
"1442051_at",1.22370313360436,8.36580619716731,4.40365365445527,9.00729832645147e-05,0.00555751204773727
"1448855_at",1.50099230655286,7.63647653759519,4.39523372310748,9.23771967151046e-05,0.0056377590650175
"1436808_x_at",1.4667480944916,4.79562048326896,4.39092463749717,9.35787441201027e-05,0.00569567468091869
"1427202_at",-1.30025934128269,9.4714280754971,-4.36881871737086,9.99884320696504e-05,0.00597467951528557
"1447046_at",1.03180871345914,5.20336058926825,4.36266127984779,0.000101849340065173,0.00606804106509825
"1442988_at",1.44282621104212,4.81563504375307,4.36134076598692,0.000102252835957523,0.0060840437394726
"1431605_at",1.53568006502132,1.84244200221262,4.35907843733595,0.000102947765177602,0.00610927257536189
"1448568_a_at",1.06388729300375,9.98435531147656,4.34883560123514,0.000106152591728427,0.0062603098922528
"1452388_at",3.33782417309143,7.60183858858333,4.3485347390637,0.000106248193286502,0.0062603098922528
"1443244_at",-1.22716257694587,4.68050613962676,-4.34479700027076,0.000107442965825733,0.00630142158413251
"1435989_x_at",1.26223198534393,11.1464820067372,4.34348634263689,0.000107865035570073,0.00631794931070893
"1426652_at",1.19430580011568,3.73135580495085,4.3430332906324,0.00010801130978516,0.00631831139120688
"1438194_at",-2.52936054394346,6.5607447973736,-4.34202118046522,0.000108338787791725,0.00632925863755778
"1420073_s_at",1.34848205875688,2.53315032631671,4.34110824281015,0.0001086350138056,0.00633016506155862
"1447567_at",-1.10279936491419,4.07061395015229,-4.33472822856742,0.000110727488854066,0.00642037192507885
"1422474_at",1.3440124700752,7.36530676368392,4.33373106246898,0.000111058089008502,0.00642037192507885
"1432746_at",-1.22708020491529,5.09965548173996,-4.32423766073189,0.000114254454848993,0.00652086599885955
"1442436_at",-1.54572415515605,4.03162974349812,-4.31945508724471,0.000115898750234906,0.00654881396008402
"1434777_at",-1.39964028670397,5.73407098105015,-4.31800504187578,0.000116401862945714,0.00654881396008402
"1439948_at",-1.22025768383622,4.23945660320982,-4.31494244235989,0.000117471528215583,0.00658965596275001
"1439680_at",-1.26998551766821,4.32628839709886,-4.31437099280495,0.000117672182023006,0.00659271190238457
"1441973_at",1.19951436161417,5.76556916236901,4.30358425246045,0.000121523462336401,0.00674148791492498
"1445757_at",-1.44302318168599,3.47749256776133,-4.28045475291482,0.000130203240513484,0.00708359028998631
"1419706_a_at",1.85180494676264,6.96560790387247,4.26912104785908,0.000134675597974357,0.0072395758572604
"1452766_at",-1.07988604549366,5.25366897482948,-4.26637686357015,0.000135780924437552,0.00728163552087755
"1442269_at",-1.68772139437693,3.2153247739429,-4.26545977982788,0.000136152294729292,0.00729287962539882
"1453831_at",1.18269691533241,3.2669801436942,4.26118602079197,0.000137896116654252,0.0073589961220502
"1427422_at",1.39675457472361,7.48637524373956,4.25949420519338,0.000138592461780603,0.0073589961220502
"1438081_at",-1.08564586563274,7.29218469782744,-4.25434109931022,0.000140734771274226,0.00741231318932636
"1420647_a_at",1.19861270120882,11.3151646554336,4.23937805249177,0.00014714103603768,0.00766424956997054
"1449005_at",1.22981773649724,4.12634190845974,4.23911599939471,0.00014725573987217,0.00766424956997054
"1435664_at",-1.01941088735433,5.84707112198004,-4.23370162880738,0.000149645380507223,0.00773308411439549
"1441141_at",-1.17615127670844,5.27395247475072,-4.23328179844436,0.000149832252706614,0.00773308411439549
"1454521_at",1.01331095408167,4.5679465055377,4.23157318915983,0.000150595139706083,0.0077534148354841
"1427537_at",1.06494924406138,7.89227414716005,4.22813506912545,0.000152141798553333,0.00781520188673562
"1439634_at",-1.19641670864962,5.5342477806238,-4.22480868569582,0.000153653000267175,0.00787028240933452
"1429657_at",2.11723677658636,4.7963550165509,4.21177533855797,0.000159717124371789,0.00811193921879738
"1430826_s_at",1.87804164493146,4.89686565255595,4.2071222559756,0.000161938386585049,0.00820233642389738
"1444364_at",-1.30162550527429,3.49124998444717,-4.20690556004011,0.000162042565656916,0.00820233642389738
"1428016_a_at",1.01288031200392,6.29588266878739,4.20180282485595,0.000164514822539814,0.00829026034789736
"1438102_at",-1.31340626160228,2.22146197673345,-4.20040328534552,0.000165199324366536,0.00831546286635619
"1440615_at",1.06545715250027,5.18898757373454,4.18142956399828,0.000174758972410604,0.00871937901291012
"1425375_at",-1.50322265377168,2.4591440957417,-4.18056614293308,0.000175206641622749,0.00871937901291012
"1453204_at",-1.15637180912215,4.07509272604912,-4.17917487299154,0.000175930354132906,0.00871937901291012
"1446210_at",1.29798004592391,5.45374369681146,4.17760898987072,0.00017674839724127,0.00874071213155539
"1417601_at",1.23783638425988,6.97205158820879,4.16866846515677,0.000181490874027472,0.00892630306380917
"1446254_at",-1.42673214127459,4.52537055963473,-4.15281357499922,0.000190209098877111,0.00920452850692768
"1441727_s_at",-1.02976618922822,5.70474815366029,-4.14607921006605,0.000194034935648348,0.00934954020585056
"1446433_at",-1.11597304572062,5.73523433745803,-4.14449131221071,0.000194947939025813,0.00937628739633746
"1435697_a_at",1.54179406866801,6.60943954202397,4.13179974066762,0.000202397857093097,0.00962905670121918
"1421679_a_at",1.0392106155987,8.53541307191783,4.12098232092915,0.000208966829686083,0.00987904925122855
"1453811_at",1.27674916058229,4.4251514298878,4.11694614009488,0.000211470848520187,0.0099660885466133
"1431830_at",-1.45142042101471,4.27093389779435,-4.11461091483392,0.000212932974917927,0.0100140668423081
"1441852_x_at",1.15001869360216,3.79588564877292,4.11076021255841,0.000215365576257274,0.0100759365713479
"1435188_at",1.82778416663194,5.31307692893962,4.11016366879609,0.000215744852214362,0.0100832213261347
"1442119_at",-1.27662656401666,3.85178695106504,-4.10694100591848,0.000217805101844817,0.0101504553007901
"1424515_at",-1.30107808696274,5.03288359810714,-4.10685772055366,0.000217858600278593,0.0101504553007901
"1449360_at",1.37252726192721,6.400040773754,4.10595432697806,0.000218439721737057,0.010167027750323
"1420380_at",1.99283348781306,5.09879389451104,4.1023099335691,0.000220799452429072,0.0102451400246951
"1417391_a_at",-1.27349026908434,4.61016430867809,-4.10056773824899,0.000221936299570296,0.0102767444013551
"1437052_s_at",1.52583745941191,4.39383708908834,4.0955117362363,0.00022526800915727,0.010388356320043
"1428066_at",1.43618269813762,5.09771425377478,4.09473454037691,0.000225784465516331,0.010390923652298
"1435691_at",-1.02511796742523,9.49632486194053,-4.08834621711146,0.0002300736467851,0.0105238859469116
"1451627_a_at",-2.58926712225461,5.83664232479796,-4.0764506111737,0.000238273569434109,0.0107895343926182
"1443379_at",-1.166045378297,3.97314561467558,-4.07214484044502,0.000241311435102993,0.0108932683452991
"1460135_at",-1.96309494958367,3.75909248572583,-4.06945812023328,0.000243226134548206,0.0109369311009558
"1430353_at",1.14892377351386,3.48076166687334,4.06910271873965,0.000243480520855012,0.0109374651106393
"1444010_at",1.16166521179717,5.98608271074242,4.06229501834099,0.000248403727771345,0.0110704115871694
"1448029_at",-1.10423881658268,6.91790051180321,-4.05942712285482,0.000250506713269898,0.0111381376972705
"1434629_at",-1.26495053705389,4.72083254065793,-4.05530042450651,0.000253563287922488,0.0112117233809727
"1460732_a_at",1.11360566358099,7.56477292628172,4.04057932901882,0.000264766367070754,0.0116272910625687
"1426818_at",-1.07244037554344,5.35641872318569,-4.02246210132316,0.00027921837422576,0.0119591907843837
"1457113_at",1.39875970962538,3.70021210103584,4.01929407877886,0.00028182332901947,0.0120250841647182
"1435541_at",1.00829337685517,6.4198677645698,4.01789331219607,0.000282982673910338,0.0120631394858508
"1456696_x_at",-1.01015599630886,4.97235101061776,-4.00630898722501,0.000292750404601886,0.0123748355328982
"1432157_at",1.00817932368666,3.79906288912349,4.0029064758777,0.000295681284659204,0.0124631043172101
"1422452_at",1.29433631279137,9.37385583668198,4.00034051912463,0.000297910469756513,0.0125336381497094
"1446751_s_at",1.23927479041166,3.80018824271128,3.9965244479316,0.000301256027835875,0.0126054281404971
"1457489_at",1.2687631365185,5.51133799540674,3.98090910522933,0.000315331659771984,0.0130116863562454
"1435109_at",-1.13406545112203,4.67766142169122,-3.97678979428929,0.000319150368502059,0.0130854552452831
"1443004_at",1.78548912409372,3.56470389468983,3.97620263747484,0.0003196983341847,0.0130960168665433
"1416160_at",-1.02022578196815,4.67190170656153,-3.97550676365978,0.00032034894735814,0.0131074625277028
"1423905_at",1.29086253791495,7.08664875657057,3.97528239937981,0.000320558993549061,0.0131074625277028
"1439744_at",-1.33746823808232,3.52012847718776,-3.96667441189816,0.000328719763475589,0.0133203863903976
"1438796_at",1.51669723897489,3.62823171841292,3.96063887112081,0.000334562065984904,0.0134964970822765
"1441855_x_at",1.18048569796021,8.24738567586792,3.95974201821438,0.000335438790414167,0.0135197720165052
"1459780_at",-1.17269051740085,1.58415926048722,-3.95702948359787,0.0003381040863065,0.013602883493764
"1446759_at",-1.11362353041193,3.06721282125015,-3.9549236646233,0.000340187442404072,0.0136501724553969
"1439654_at",-1.42496010677893,3.07574952572733,-3.9460564123182,0.000349098089938991,0.013885961116408
"1418729_at",1.31697198054443,5.28516427882667,3.94100829535893,0.000354271996585299,0.0140158081736786
"1456463_at",1.02909322094124,4.65093122883017,3.93539053041981,0.000360117517223166,0.0142096764166947
"1427566_at",1.29083137827047,4.25639295583919,3.9288480220175,0.000367043656278133,0.0144198919353659
"1425452_s_at",1.76743522211559,4.24420195733744,3.91271333963583,0.000384683106331046,0.0149308027354875
"1457889_at",-1.13276819803776,5.01022525304408,-3.91069132091688,0.000386951034435889,0.0150059145349037
"1460374_at",1.62193447746949,3.70578732062836,3.91001193793076,0.000387715956320492,0.0150226609501809
"1438377_x_at",-1.12508162626001,5.88693889361515,-3.90707527931151,0.000391039314190043,0.0151254409170541
"1457953_at",-1.44201554658244,3.63835220303522,-3.90116516013187,0.000397811881150177,0.0152912227927589
"1441213_at",-1.25379397119315,4.71196462259535,-3.89701185486225,0.000402639376784841,0.0154146707733335
"1424638_at",1.3348791236513,10.6780051198643,3.89460246335573,0.000405465935190938,0.0154842668442392
"1458314_at",-1.76262185922885,3.0735135195246,-3.87695969671993,0.00042675941420133,0.0160795959397612
"1429782_at",-1.2167508035964,4.58122511197356,-3.86456391285486,0.00044236621043002,0.0165021988888373
"1441887_x_at",1.09956102991655,4.42485027060049,3.85911324428592,0.000449403077335838,0.0167232080783198
"1460302_at",1.46633361005484,5.29111731451907,3.85661390763012,0.000452665996932508,0.016803036319056
"1446815_at",-1.02883116187788,4.11709552812863,-3.84129702516482,0.000473170845500298,0.0173218168043092
"1430470_at",-1.69006606717988,3.75719289391184,-3.83698796907912,0.000479100155192678,0.0174679839121625
"1418424_at",1.22589794461967,4.6326830482664,3.82965121456057,0.000489361986155249,0.0176607950378609
"1416560_at",-1.11903478786146,5.41514571141858,-3.82704811793686,0.000493053937669285,0.0177189048946792
"1450297_at",1.62676376301947,3.98134718338868,3.82391102647943,0.000497539184387199,0.017821803547745
"1444569_at",-1.34395255835708,3.74892169220427,-3.82254685162349,0.000499501941026094,0.0178589783265299
"1434673_at",1.23101568543117,2.46051052251299,3.82077878627834,0.000502056994493083,0.017913256214438
"1458586_at",1.1333460838074,5.22119610912006,3.81470671194943,0.000510928767677095,0.0181444081503974
"1444229_at",-1.12896581435944,4.3063526207769,-3.80710337216208,0.000522252528945171,0.0183945721668101
"1440008_at",-1.14482785114984,3.17244306634469,-3.80422118652841,0.00052660833888531,0.0184829281650322
"1447284_at",1.10722909497191,4.91745926607042,3.80018747603344,0.000532763656001904,0.0186554143240232
"1452569_at",-1.20293620805215,3.8406372645537,-3.79987092721282,0.000533249642043357,0.0186579457764138
"1438558_x_at",1.10912071202682,6.62417875863654,3.7995650311226,0.000533719681856575,0.0186599157917933
"1437056_x_at",1.50423701937796,3.60173072406345,3.79517875433348,0.000540503989866577,0.0188241470632992
"1450295_s_at",1.26075442392061,6.76266653660286,3.79267661225461,0.000544411470030806,0.0189180503262643
"1447346_s_at",1.33586293266924,4.69149438218022,3.79071992351723,0.000547486215262634,0.0189648047577266
"1457017_at",-1.29212298233206,4.18610532722711,-3.78139575518914,0.000562371049520055,0.0191942834104156
"1439940_at",-1.48973866442029,4.45599258942973,-3.78097728502047,0.000563048201857604,0.0191942834104156
"1440873_at",-1.27647941271908,5.20712711269952,-3.77212717349515,0.000577555639250428,0.0195463056992489
"1431372_at",1.14307985517146,4.26611699712787,3.77031866435281,0.000580564483405485,0.0195833906504461
"1445676_at",-1.0347768104314,5.29422668728425,-3.7700723135953,0.000580975514740181,0.0195833906504461
"1447921_at",1.22721832171386,4.15386503570238,3.76893088950282,0.000582883641704628,0.0196208050527149
"1423981_x_at",1.03109319869179,5.83234502006427,3.76381035572388,0.000591518672750477,0.0198069751558881
"1415776_at",-1.03435493312333,10.3499858120829,-3.76370486602749,0.000591697862451364,0.0198069751558881
"1439998_at",1.03234912181291,6.88239396145836,3.76352692942265,0.000592000233035569,0.0198069751558881
"1459690_at",-1.40113529651011,3.41576025382173,-3.75370731772027,0.000608920989157693,0.0201792048615469
"1445379_at",-1.37490789789949,5.74562117281361,-3.74837670703486,0.000618301725957193,0.0203169536836125
"1429843_at",1.13685274038316,4.50602217247372,3.74784079402263,0.000619252525530673,0.0203169536836125
"1440342_at",1.60483881712329,3.76401868907536,3.74162598396801,0.000630382595784629,0.0205871726665334
"1434952_at",-1.37502722001384,4.8777945533753,-3.73875528203844,0.00063558889953857,0.0207271836284086
"1422271_at",1.22515957281539,4.17209460240491,3.73620542795225,0.000640248211706403,0.0208489780477765
"1458913_at",-1.25040152740961,2.16738901380016,-3.72997265583699,0.0006517769133185,0.0211480507680415
"1440394_at",-1.36341278706682,3.53385802512158,-3.72567186637921,0.000659848959566071,0.0212874448679466
"1459295_at",1.38864223607492,2.79531504966957,3.71232732552811,0.000685515663918946,0.0218366118785061
"1416646_at",1.30084243950895,3.88025231721165,3.71229110577809,0.000685586626016377,0.0218366118785061
"1447152_at",-1.25059538586367,3.24883517621417,-3.68548506116188,0.000740101313730085,0.0231158652012054
"1441498_at",-1.05871515782448,5.05240606020884,-3.67908677672314,0.000753720170764207,0.0233787163823703
"1438552_x_at",1.50234558756983,4.23846888766396,3.67862061325666,0.000754721820680946,0.0233787163823703
"1421902_at",1.21439188691735,3.53993824399229,3.67799924419823,0.000756058963246245,0.0234035794793198
"1458627_at",-1.5109808517887,3.9047512286995,-3.67635058875352,0.000759617861964108,0.0234654282140022
"1420444_at",-2.16623251214862,3.71792054924115,-3.67320711853211,0.000766448492180563,0.0236117441569915
"1449227_at",1.22505658551406,5.98878897109914,3.67204397885072,0.00076899096293496,0.0236738985797472
"1419394_s_at",1.94538857041921,7.32040840680059,3.65990638269343,0.000796013148032457,0.024339116880479
"1457679_at",-1.2213088703355,2.16585094596369,-3.65195989938044,0.000814199079569131,0.0247280758839376
"1436791_at",-1.12836799641163,4.36997618706946,-3.64233986947098,0.000836752372461365,0.0252093311625785
"1443287_at",1.11781282513484,3.49271144060636,3.63262331699905,0.000860143788110479,0.025639845436204
"1447063_at",1.30259463278417,6.36351883912179,3.62604979807136,0.000876325392527515,0.0258659368641253
"1440068_at",-1.33302839518101,3.40714425326869,-3.62490038345532,0.000879184848663558,0.0259141430855372
"1435131_at",1.51512163042791,3.95772737217886,3.6234712543849,0.000882752724773448,0.0259537357496788
"1445927_at",1.11769056419968,3.59419000204438,3.6156355642776,0.000902564519905558,0.0263659549593975
"1453864_at",-1.07598968555596,4.29032921638606,-3.60194888806113,0.000938203558978916,0.0272556095526257
"1421134_at",1.29315389565214,4.44116430832315,3.5981423403394,0.000948354338230731,0.0274002107678054
"1449152_at",1.36734493375309,4.57481088043627,3.59418719482206,0.000959013538521996,0.0276727252724763
"1454617_at",-1.22412766656394,8.6602459257477,-3.58303171893207,0.000989703820986769,0.0282671997926013
"1433241_at",-1.34711593298548,3.74910996470144,-3.58139080316836,0.000994297330302191,0.0283283663259375
"1445811_at",1.25117714914147,4.05988821616323,3.5808312287187,0.000995868472350748,0.0283552171537191
"1426597_s_at",1.27298527084533,4.19290552343295,3.58052471289607,0.000996730104487132,0.0283596984191497
"1442760_x_at",1.02389468829869,4.72429334623932,3.57486289550641,0.00101277557737163,0.0286197940570413
"1438660_at",1.03357213060983,6.3073155062784,3.57029350854379,0.00102590634881882,0.0288657353746872
"1440450_at",-1.28797707766786,3.04198352529307,-3.5525257586921,0.00107854053639594,0.029805917115192
"1438817_at",-1.18232237281999,4.22582068287679,-3.55060941154272,0.00108437036631984,0.0298847258544316
"1424865_at",1.03272825057673,4.93075501701465,3.54891424863835,0.00108955260030115,0.0299633608696233
"1419697_at",-1.19591500292266,5.13610669249232,-3.54717261337039,0.00109490173519377,0.0300419026286225
"1438392_at",1.19277951005363,3.46106302555787,3.54711698242349,0.00109507301216061,0.0300419026286225
"1425979_a_at",1.0197084009288,6.99814677586524,3.54464236371481,0.00110271803528717,0.0301965307282859
"1458909_at",1.11183638736149,3.68417968118338,3.53864346232633,0.00112146472858354,0.0305114177094259
"1430337_at",-1.24451659028573,4.04966511946389,-3.5362124834571,0.00112914860772788,0.0306228089940681
"1440364_a_at",-1.06753716217804,4.93159918949152,-3.52864254271343,0.00115340170701279,0.0310935866036963
"1420362_a_at",-1.02307094011397,6.10437632706762,-3.52624880715432,0.00116117468727553,0.0311324093892583
"1441592_at",1.19325080594182,5.78263819083294,3.52543906501467,0.00116381548591582,0.0311324093892583
"1428057_a_at",-1.27355636885279,4.94463202393298,-3.52454182176897,0.00116674839890585,0.0311738859828512
"1444117_at",1.20321901604167,2.91880220676287,3.51994908644751,0.00118187285094212,0.0314475796167202
"1422134_at",1.72895375119867,5.16439536902672,3.51955695001535,0.0011831729082734,0.0314636092783246
"1417523_at",1.10873998030678,4.96726250164505,3.5180032710602,0.0011883373845555,0.0315414861321931
"1434169_at",1.35792836430596,3.84135038193306,3.5163372847712,0.00119389926270643,0.0316369275248664
"1446421_at",1.27028572265538,3.44506094676858,3.50694510821384,0.00122572642006416,0.0321965563606953
"1452413_at",1.1914012597381,5.08118515997887,3.49061618558383,0.00128301169537412,0.0332749341420748
"1449366_at",1.29212813345273,4.97302004241538,3.49017269760401,0.00128460288386053,0.0332970544051687
"1433919_at",1.28011244377531,4.46976812488897,3.47522013431892,0.00133937466086152,0.0342615910289377
"1425868_at",1.9074622521835,4.91935795941778,3.47031438972315,0.00135782828482254,0.0345313909290629
"1456623_at",1.21064911739336,3.99919035169523,3.46846080045581,0.00136486417016805,0.0345460214349349
"1436369_at",-1.09658963819269,3.02903366377963,-3.46792708505514,0.0013668965390181,0.034556115630248
"1429717_at",1.37361794547856,3.74091096683551,3.46558266593417,0.00137585847140926,0.0346856897434518
"1440062_at",1.11757780175401,3.89765659926614,3.45985968795602,0.00139797308203676,0.0350502245435823
"1447012_at",1.16577719233306,3.71236088095737,3.45940828944959,0.00139973181156495,0.0350523622617385
"1419146_a_at",1.56977714214885,7.47122518853999,3.45876562132114,0.00140223942694353,0.0350956716951054
"1460280_at",-1.22471670159856,2.96415815772534,-3.45777947571825,0.00140609563843184,0.0351299433040015
"1448471_a_at",1.08420485110082,7.21204645774074,3.45750934793566,0.00140715371761407,0.0351299433040015
"1440281_at",-1.07258545052723,4.89428069049448,-3.45346501776055,0.00142308685854828,0.0353818304340607
"1418657_at",-1.00946945293491,5.52163292318882,-3.45250895263933,0.00142687862313312,0.0354175304248359
"1445008_at",1.0421853564453,4.93259488856771,3.44705831288122,0.00144868182039507,0.0357478145054476
"1452696_a_at",-1.07179988421922,4.51004649039932,-3.44700325497797,0.00144890368098176,0.0357478145054476
"1441602_at",1.70039419505657,4.17812784156581,3.44188361913492,0.00146967677126106,0.0360455042436593
"1448756_at",1.89346931594206,7.12334940945763,3.44108739827096,0.00147293302986857,0.0360644693703054
"1459322_at",-1.11100642055687,3.89323749471967,-3.44045357583594,0.00147553008373692,0.0360745014226504
"1453851_a_at",1.1344292712999,9.43468422367639,3.44040182189858,0.00147574233663976,0.0360745014226504
"1440583_at",-1.13166511244742,3.14900466985031,-3.43807832161009,0.00148530169446505,0.036249237944842
"1432978_at",-1.34162428336142,3.16304838601693,-3.43708675967224,0.00148939924257255,0.0362903269796135
"1457741_at",1.02456232520782,2.6812528787199,3.43600451178208,0.00149388391853226,0.0363603122556521
"1419134_at",-1.04978043151342,6.64989001235422,-3.43327615705589,0.00150524737824688,0.0365473238812425
"1419135_at",-1.25727926059887,3.32824070297365,-3.4258582674032,0.00153656314402089,0.0369997513926781
"1440206_at",-1.06805647188686,2.78717633427746,-3.41372513465067,0.00158913578350128,0.037905526043765
"1417117_at",-1.14718200415207,4.45245567517753,-3.41031621432083,0.00160421410252642,0.0381802956401288
"1444320_at",-1.19849962952226,4.25252773763822,-3.40803424546613,0.00161438420304142,0.0383212326007216
"1453410_at",1.71583636175337,4.77582740819807,3.40774043987,0.00161569809360498,0.0383322460387577
"1416855_at",-1.38483898543666,6.15343450272362,-3.40492326048335,0.00162834856768084,0.038459164930965
"1416452_at",-1.17702465918192,11.9187087675315,-3.40440111884406,0.0016307036332731,0.0384858003999215
"1425197_at",1.14922513728008,5.31920102348506,3.39303986126467,0.00168276275851317,0.0393234627832656
"1435098_at",-1.14206873613753,4.19684294612157,-3.38996265240439,0.00169713471514479,0.039441052038409
"1440697_at",-1.17563410442174,3.72308257339606,-3.38489042704099,0.00172108119388118,0.039756236353501
"1443813_x_at",-1.07874948720289,2.32526273239272,-3.37564725898168,0.00176555342139906,0.0403524831093876
"1457880_at",1.23567319755311,3.80813983840747,3.37393111381252,0.00177393059204034,0.0405093891805628
"1419070_at",-1.06522442223897,5.46136944484733,-3.37264022031372,0.0017802570000013,0.0406127318953255
"1456688_at",-1.19985422685872,2.90139376012609,-3.37197847001753,0.00178350847030729,0.0406663374718549
"1429350_at",1.55799025767255,3.61727367422332,3.3641418603592,0.00182244787555557,0.0412207731371272
"1425716_s_at",-1.00304855573318,3.59409988521475,-3.3511946495243,0.00188856928874487,0.0420937234832466
"1445614_at",1.02824461090512,3.76213219821446,3.34396047518153,0.0019265069304302,0.0427174970842342
"1444418_at",1.34328979367429,3.86192659539864,3.33634163341437,0.0019672491208463,0.0433438703465017
"1441221_at",-1.01338925306504,3.71428646340032,-3.32114392298781,0.00205099255402956,0.0446891195971398
"1443513_at",-1.07199470849508,5.18516394280454,-3.31998524444833,0.00205751501211305,0.0447425190748846
"1437675_at",-1.3929808697246,4.79585631817018,-3.31829067345405,0.00206708981376661,0.0449074266332794
"1444131_at",-1.01512047130581,2.70366262229259,-3.31755908817257,0.00207123661482879,0.0449325842065383
"1441588_at",1.08891720775958,2.8150935878642,3.31538898779723,0.00208358405347759,0.0451353143111878
"1425303_at",1.35019699191428,7.85169910753151,3.31456988706525,0.00208826282177498,0.0451499240291819
"1442892_at",-1.47681632221622,3.26197026531434,-3.31311611870533,0.00209659157792448,0.0452079417043332
"1450219_at",-1.12618156668711,3.44138536738012,-3.31059928673326,0.00211108575613866,0.0453932678549386
"1449824_at",1.11607511423908,9.19990788942228,3.30961874260588,0.00211675846656792,0.0454798268138224
"1453901_at",1.12289180578605,1.56614141894932,3.30531295673587,0.00214184131181811,0.0457816042674448
"1440163_at",-1.01297420047339,4.36690400361092,-3.30240695638194,0.00215892996896304,0.0460125125174336
"1443353_at",-1.06174442431355,4.22099472157572,-3.30226203551171,0.00215978557015159,0.0460125125174336
"1446471_at",-1.18075143592077,3.23075754460361,-3.30128036958646,0.00216558977416517,0.0460918080143123
"1427995_at",-1.0303148300634,2.39808796154704,-3.29649737111439,0.00219408338197992,0.046349112229825
"1450513_at",1.40895467340233,3.96158124153994,3.29292904334925,0.00221557351572463,0.0466719201927588
"1435425_at",-1.05815049776229,4.75762865297367,-3.29111810694981,0.00222655650112368,0.0468376514725648
"1418944_at",-1.08356520687614,3.33005847556822,-3.28718987311463,0.00225055930799638,0.0470572440194458
"1417150_at",-1.14926648875925,3.27582906581745,-3.27836515255372,0.00230538453571982,0.0477826966661304
"1445595_at",-1.19719736786988,2.49361198706557,-3.2777534508705,0.00230923168109932,0.0478184839528284
"1452300_at",-1.16759771650655,3.66437712484354,-3.27616319523914,0.00231926186416448,0.047938143600221
"1432054_at",-1.1187251607191,3.55310525539506,-3.25949156363544,0.00242694541503725,0.0495956797297668
"1445270_at",-1.32106511201202,3.83577219561132,-3.25601205732839,0.00245001308208084,0.0498862483137372
