"ID","Description","GeneRatio","BgRatio","RichFactor","FoldEnrichment","zScore","pvalue","p.adjust","qvalue","geneID","Count"
"GO:0006979","response to oxidative stress","8/8","410/16335",0.0195121951219512,39.8414634146341,17.6313621058171,1.47306068084686e-13,6.39308335487538e-11,3.07016857692293e-11,"Hmox1/Srxn1/Itch/Rcan1/Btg1/Gclc/Txnrd1/Xpa",8
"GO:0045454","cell redox homeostasis","2/8","29/16335",0.0689655172413793,140.818965517241,16.6812825005845,8.46505391882598e-05,0.0150368297526812,0.00722117945920659,"Gclc/Txnrd1",2
"GO:0009636","response to toxic substance","3/8","221/16335",0.0135746606334842,27.7177601809955,8.85182006484174,0.000130121415305036,0.0150368297526812,0.00722117945920659,"Srxn1/Txnrd1/Xpa",3
"GO:0046685","response to arsenic-containing substance","2/8","37/16335",0.0540540540540541,110.371621621622,14.7426796737701,0.00013858829265144,0.0150368297526812,0.00722117945920659,"Hmox1/Gclc",2
"GO:0046686","response to cadmium ion","2/8","48/16335",0.0416666666666667,85.078125,12.9128219073059,0.000234094170618005,0.0203193740096428,0.00975803069102421,"Hmox1/Gclc",2
"GO:0098869","cellular oxidant detoxification","2/8","73/16335",0.0273972602739726,55.9417808219178,10.4139444442527,0.000542057292954569,0.0392088108570472,0.0188293585973693,"Srxn1/Txnrd1",2
"GO:0043627","response to estrogen","2/8","80/16335",0.025,51.046875,9.93268228536355,0.000650671024206482,0.0403416035008019,0.0193733628259975,"Hmox1/Rcan1",2
"GO:0009408","response to heat","2/8","90/16335",0.0222222222222222,45.375,9.34410770478978,0.000822643831668693,0.0440188847504977,0.0211393140446242,"Hmox1/Gclc",2
"GO:2001237","negative regulation of extrinsic apoptotic signaling pathway","2/8","99/16335",0.0202020202020202,41.25,8.89164332757243,0.000994218661007088,0.0440188847504977,0.0211393140446242,"Hmox1/Gclc",2
"GO:1990748","cellular detoxification","2/8","100/16335",0.02,40.8375,8.8451255697584,0.00101426001729257,0.0440188847504977,0.0211393140446242,"Srxn1/Txnrd1",2
"GO:0008630","intrinsic apoptotic signaling pathway in response to DNA damage","2/8","106/16335",0.0188679245283019,38.5259433962264,8.5797917042388,0.00113859708627922,0.0449228304950164,0.0215734184768694,"Hmox1/Xpa",2
"GO:0097237","cellular response to toxic substance","2/8","115/16335",0.0173913043478261,35.5108695652174,8.22086412600198,0.0013381927648574,0.0478040954380885,0.0229570965237486,"Srxn1/Txnrd1",2
"GO:0098754","detoxification","2/8","119/16335",0.0168067226890756,34.3172268907563,8.07436786839658,0.00143191990943583,0.0478040954380885,0.0229570965237486,"Srxn1/Txnrd1",2
"GO:0009266","response to temperature stimulus","2/8","166/16335",0.0120481927710843,24.6009036144578,6.76517705906535,0.00276103389550224,0.0573264561112024,0.0275300468348728,"Hmox1/Gclc",2
"GO:2001236","regulation of extrinsic apoptotic signaling pathway","2/8","171/16335",0.0116959064327485,23.8815789473684,6.65805988101107,0.00292678991420726,0.0573264561112024,0.0275300468348728,"Hmox1/Gclc",2
"GO:0045766","positive regulation of angiogenesis","2/8","176/16335",0.0113636363636364,23.203125,6.55543129576354,0.00309716260923425,0.0573264561112024,0.0275300468348728,"Hmox1/Btg1",2
"GO:1904018","positive regulation of vasculature development","2/8","179/16335",0.0111731843575419,22.8142458100559,6.49587813197617,0.00320159482650459,0.0573264561112024,0.0275300468348728,"Hmox1/Btg1",2
"GO:0045732","positive regulation of protein catabolic process","2/8","198/16335",0.0101010101010101,20.625,6.14991245821795,0.00390119848998882,0.0573264561112024,0.0275300468348728,"Itch/Gclc",2
"GO:1901605","alpha-amino acid metabolic process","2/8","203/16335",0.00985221674876847,20.1169950738916,6.06682703329557,0.00409619480053718,0.0573264561112024,0.0275300468348728,"Gclc/Txnrd1",2
"GO:1903320","regulation of protein modification by small protein conjugation or removal","2/8","205/16335",0.00975609756097561,19.9207317073171,6.03442295980375,0.00417545529007008,0.0573264561112024,0.0275300468348728,"Itch/Gclc",2
"GO:0043524","negative regulation of neuron apoptotic process","2/8","211/16335",0.00947867298578199,19.3542654028436,5.9399106600502,0.00441754890453934,0.0573264561112024,0.0275300468348728,"Hmox1/Gclc",2
"GO:1901873","regulation of post-translational protein modification","2/8","211/16335",0.00947867298578199,19.3542654028436,5.9399106600502,0.00441754890453934,0.0573264561112024,0.0275300468348728,"Itch/Gclc",2
"GO:0050866","negative regulation of cell activation","2/8","215/16335",0.00930232558139535,18.9941860465116,5.87904778855458,0.00458252690003492,0.0573264561112024,0.0275300468348728,"Itch/Gclc",2
"GO:0009650","UV protection","1/8","10/16335",0.1,204.1875,14.226840566811,0.00488802397525745,0.0573264561112024,0.0275300468348728,"Xpa",1
"GO:0019852","L-ascorbic acid metabolic process","1/8","10/16335",0.1,204.1875,14.226840566811,0.00488802397525745,0.0573264561112024,0.0275300468348728,"Gclc",1
"GO:0035519","protein K29-linked ubiquitination","1/8","10/16335",0.1,204.1875,14.226840566811,0.00488802397525745,0.0573264561112024,0.0275300468348728,"Itch",1
"GO:0051409","response to nitrosative stress","1/8","10/16335",0.1,204.1875,14.226840566811,0.00488802397525745,0.0573264561112024,0.0275300468348728,"Gclc",1
"GO:0090085","regulation of protein deubiquitination","1/8","10/16335",0.1,204.1875,14.226840566811,0.00488802397525745,0.0573264561112024,0.0275300468348728,"Itch",1
"GO:1903589","positive regulation of blood vessel endothelial cell proliferation involved in sprouting angiogenesis","1/8","10/16335",0.1,204.1875,14.226840566811,0.00488802397525745,0.0573264561112024,0.0275300468348728,"Hmox1",1
"GO:2000646","positive regulation of receptor catabolic process","1/8","10/16335",0.1,204.1875,14.226840566811,0.00488802397525745,0.0573264561112024,0.0275300468348728,"Itch",1
"GO:0009612","response to mechanical stimulus","2/8","227/16335",0.00881057268722467,17.9900881057269,5.70592188602413,0.00509455739675903,0.0573264561112024,0.0275300468348728,"Rcan1/Gclc",2
"GO:0002664","regulation of T cell tolerance induction","1/8","11/16335",0.0909090909090909,185.625,13.558499536291,0.00537567456075183,0.0573264561112024,0.0275300468348728,"Itch",1
"GO:0002887","negative regulation of myeloid leukocyte mediated immunity","1/8","11/16335",0.0909090909090909,185.625,13.558499536291,0.00537567456075183,0.0573264561112024,0.0275300468348728,"Hmox1",1
"GO:0006534","cysteine metabolic process","1/8","11/16335",0.0909090909090909,185.625,13.558499536291,0.00537567456075183,0.0573264561112024,0.0275300468348728,"Gclc",1
"GO:0045603","positive regulation of endothelial cell differentiation","1/8","11/16335",0.0909090909090909,185.625,13.558499536291,0.00537567456075183,0.0573264561112024,0.0275300468348728,"Btg1",1
"GO:0097191","extrinsic apoptotic signaling pathway","2/8","238/16335",0.00840336134453781,17.1586134453782,5.55850717903763,0.00558628854602826,0.0573264561112024,0.0275300468348728,"Hmox1/Gclc",2
"GO:2001234","negative regulation of apoptotic signaling pathway","2/8","243/16335",0.00823045267489712,16.8055555555556,5.49472501887021,0.00581682444810961,0.0573264561112024,0.0275300468348728,"Hmox1/Gclc",2
"GO:0002246","wound healing involved in inflammatory response","1/8","12/16335",0.0833333333333333,170.15625,12.9752804706083,0.00586311603364542,0.0573264561112024,0.0275300468348728,"Hmox1",1
"GO:0097067","cellular response to thyroid hormone stimulus","1/8","12/16335",0.0833333333333333,170.15625,12.9752804706083,0.00586311603364542,0.0573264561112024,0.0275300468348728,"Gclc",1
"GO:2000562","negative regulation of CD4-positive, alpha-beta T cell proliferation","1/8","12/16335",0.0833333333333333,170.15625,12.9752804706083,0.00586311603364542,0.0573264561112024,0.0275300468348728,"Itch",1
"GO:0002517","T cell tolerance induction","1/8","13/16335",0.0769230769230769,157.067307692308,12.4604865457914,0.00635034847080329,0.0573264561112024,0.0275300468348728,"Itch",1
"GO:0043301","negative regulation of leukocyte degranulation","1/8","13/16335",0.0769230769230769,157.067307692308,12.4604865457914,0.00635034847080329,0.0573264561112024,0.0275300468348728,"Hmox1",1
"GO:0070914","UV-damage excision repair","1/8","13/16335",0.0769230769230769,157.067307692308,12.4604865457914,0.00635034847080329,0.0573264561112024,0.0275300468348728,"Xpa",1
"GO:1901334","lactone metabolic process","1/8","13/16335",0.0769230769230769,157.067307692308,12.4604865457914,0.00635034847080329,0.0573264561112024,0.0275300468348728,"Gclc",1
"GO:2000271","positive regulation of fibroblast apoptotic process","1/8","13/16335",0.0769230769230769,157.067307692308,12.4604865457914,0.00635034847080329,0.0573264561112024,0.0275300468348728,"Btg1",1
"GO:2000489","regulation of hepatic stellate cell activation","1/8","13/16335",0.0769230769230769,157.067307692308,12.4604865457914,0.00635034847080329,0.0573264561112024,0.0275300468348728,"Gclc",1
"GO:0006520","amino acid metabolic process","2/8","257/16335",0.00778210116731518,15.8900778210117,5.32580903130243,0.00648548889631612,0.0573264561112024,0.0275300468348728,"Gclc/Txnrd1",2
"GO:2000644","regulation of receptor catabolic process","1/8","14/16335",0.0714285714285714,145.848214285714,12.0016747684042,0.00683737194906775,0.0573264561112024,0.0275300468348728,"Itch",1
"GO:0006750","glutathione biosynthetic process","1/8","15/16335",0.0666666666666667,136.125,11.5893567570385,0.00732418654525724,0.0573264561112024,0.0275300468348728,"Gclc",1
"GO:0070885","negative regulation of calcineurin-NFAT signaling cascade","1/8","15/16335",0.0666666666666667,136.125,11.5893567570385,0.00732418654525724,0.0573264561112024,0.0275300468348728,"Rcan1",1
"GO:0106057","negative regulation of calcineurin-mediated signaling","1/8","15/16335",0.0666666666666667,136.125,11.5893567570385,0.00732418654525724,0.0573264561112024,0.0275300468348728,"Rcan1",1
"GO:1901029","negative regulation of mitochondrial outer membrane permeabilization involved in apoptotic signaling pathway","1/8","15/16335",0.0666666666666667,136.125,11.5893567570385,0.00732418654525724,0.0573264561112024,0.0275300468348728,"Gclc",1
"GO:0002643","regulation of tolerance induction","1/8","16/16335",0.0625,127.6171875,11.2161537862844,0.00781079233616644,0.0573264561112024,0.0275300468348728,"Itch",1
"GO:0046642","negative regulation of alpha-beta T cell proliferation","1/8","16/16335",0.0625,127.6171875,11.2161537862844,0.00781079233616644,0.0573264561112024,0.0275300468348728,"Itch",1
"GO:0007614","short-term memory","1/8","17/16335",0.0588235294117647,120.110294117647,10.8762295750272,0.00829718939856683,0.0573264561112024,0.0275300468348728,"Rcan1",1
"GO:0019184","nonribosomal peptide biosynthetic process","1/8","17/16335",0.0588235294117647,120.110294117647,10.8762295750272,0.00829718939856683,0.0573264561112024,0.0275300468348728,"Gclc",1
"GO:0050687","negative regulation of defense response to virus","1/8","17/16335",0.0588235294117647,120.110294117647,10.8762295750272,0.00829718939856683,0.0573264561112024,0.0275300468348728,"Itch",1
"GO:0051151","negative regulation of smooth muscle cell differentiation","1/8","17/16335",0.0588235294117647,120.110294117647,10.8762295750272,0.00829718939856683,0.0573264561112024,0.0275300468348728,"Rcan1",1
"GO:1903587","regulation of blood vessel endothelial cell proliferation involved in sprouting angiogenesis","1/8","17/16335",0.0588235294117647,120.110294117647,10.8762295750272,0.00829718939856683,0.0573264561112024,0.0275300468348728,"Hmox1",1
"GO:0045765","regulation of angiogenesis","2/8","293/16335",0.0068259385665529,13.9377133105802,4.94652433765054,0.00835940291910718,0.0573264561112024,0.0275300468348728,"Hmox1/Btg1",2
"GO:1901342","regulation of vasculature development","2/8","300/16335",0.00666666666666667,13.6125,4.88051213804926,0.00874922114247294,0.0573264561112024,0.0275300468348728,"Hmox1/Btg1",2
"GO:0035729","cellular response to hepatocyte growth factor stimulus","1/8","18/16335",0.0555555555555556,113.4375,10.564898991489,0.00878337780920602,0.0573264561112024,0.0275300468348728,"Gclc",1
"GO:0010506","regulation of autophagy","2/8","306/16335",0.0065359477124183,13.3455882352941,4.8256671069455,0.00908985918924424,0.0573264561112024,0.0275300468348728,"Hmox1/Xpa",2
"GO:0035733","hepatic stellate cell activation","1/8","19/16335",0.0526315789473684,107.467105263158,10.2783516287388,0.0092693576448083,0.0573264561112024,0.0275300468348728,"Gclc",1
"GO:0035795","negative regulation of mitochondrial membrane permeability","1/8","19/16335",0.0526315789473684,107.467105263158,10.2783516287388,0.0092693576448083,0.0573264561112024,0.0275300468348728,"Gclc",1
"GO:0042744","hydrogen peroxide catabolic process","1/8","19/16335",0.0526315789473684,107.467105263158,10.2783516287388,0.0092693576448083,0.0573264561112024,0.0275300468348728,"Txnrd1",1
"GO:0071243","cellular response to arsenic-containing substance","1/8","19/16335",0.0526315789473684,107.467105263158,10.2783516287388,0.0092693576448083,0.0573264561112024,0.0275300468348728,"Hmox1",1
"GO:0071372","cellular response to follicle-stimulating hormone stimulus","1/8","19/16335",0.0526315789473684,107.467105263158,10.2783516287388,0.0092693576448083,0.0573264561112024,0.0275300468348728,"Gclc",1
"GO:0110076","negative regulation of ferroptosis","1/8","19/16335",0.0526315789473684,107.467105263158,10.2783516287388,0.0092693576448083,0.0573264561112024,0.0275300468348728,"Hmox1",1
"GO:0141198","protein branched polyubiquitination","1/8","19/16335",0.0526315789473684,107.467105263158,10.2783516287388,0.0092693576448083,0.0573264561112024,0.0275300468348728,"Itch",1
"GO:0097193","intrinsic apoptotic signaling pathway","2/8","311/16335",0.00643086816720257,13.1310289389068,4.78112873889886,0.00937829120713218,0.0573264561112024,0.0275300468348728,"Hmox1/Xpa",2
"GO:0043523","regulation of neuron apoptotic process","2/8","316/16335",0.00632911392405063,12.9232594936709,4.737605663929,0.00967085721867185,0.0579244959809923,0.0278172452200739,"Hmox1/Gclc",2
"GO:0035728","response to hepatocyte growth factor","1/8","20/16335",0.05,102.09375,10.0134524116669,0.00975512898207531,0.0579244959809923,0.0278172452200739,"Gclc",1
"GO:0031987","locomotion involved in locomotory behavior","1/8","21/16335",0.0476190476190476,97.2321428571428,9.76759508628078,0.0102406918976827,0.0579244959809923,0.0278172452200739,"Rcan1",1
"GO:0097066","response to thyroid hormone","1/8","21/16335",0.0476190476190476,97.2321428571428,9.76759508628078,0.0102406918976827,0.0579244959809923,0.0278172452200739,"Gclc",1
"GO:1905709","negative regulation of membrane permeability","1/8","21/16335",0.0476190476190476,97.2321428571428,9.76759508628078,0.0102406918976827,0.0579244959809923,0.0278172452200739,"Gclc",1
"GO:0071214","cellular response to abiotic stimulus","2/8","330/16335",0.00606060606060606,12.375,4.62081529175392,0.0105118933202207,0.0579244959809923,0.0278172452200739,"Gclc/Xpa",2
"GO:0104004","cellular response to environmental stimulus","2/8","330/16335",0.00606060606060606,12.375,4.62081529175392,0.0105118933202207,0.0579244959809923,0.0278172452200739,"Gclc/Xpa",2
"GO:0032354","response to follicle-stimulating hormone","1/8","22/16335",0.0454545454545455,92.8125,9.5385927765533,0.0107260464682861,0.0579244959809923,0.0278172452200739,"Gclc",1
"GO:0090050","positive regulation of cell migration involved in sprouting angiogenesis","1/8","22/16335",0.0454545454545455,92.8125,9.5385927765533,0.0107260464682861,0.0579244959809923,0.0278172452200739,"Hmox1",1
"GO:0002043","blood vessel endothelial cell proliferation involved in sprouting angiogenesis","1/8","23/16335",0.0434782608695652,88.7771739130435,9.3245950116706,0.0112111927705146,0.0579244959809923,0.0278172452200739,"Hmox1",1
"GO:0050849","negative regulation of calcium-mediated signaling","1/8","23/16335",0.0434782608695652,88.7771739130435,9.3245950116706,0.0112111927705146,0.0579244959809923,0.0278172452200739,"Rcan1",1
"GO:0051900","regulation of mitochondrial depolarization","1/8","23/16335",0.0434782608695652,88.7771739130435,9.3245950116706,0.0112111927705146,0.0579244959809923,0.0278172452200739,"Gclc",1
"GO:1901028","regulation of mitochondrial outer membrane permeabilization involved in apoptotic signaling pathway","1/8","23/16335",0.0434782608695652,88.7771739130435,9.3245950116706,0.0112111927705146,0.0579244959809923,0.0278172452200739,"Gclc",1
"GO:0071276","cellular response to cadmium ion","1/8","24/16335",0.0416666666666667,85.078125,9.12402397526219,0.0116961308809757,0.0590246604923655,0.0283455803480193,"Hmox1",1
"GO:2000269","regulation of fibroblast apoptotic process","1/8","24/16335",0.0416666666666667,85.078125,9.12402397526219,0.0116961308809757,0.0590246604923655,0.0283455803480193,"Btg1",1
"GO:0042176","regulation of protein catabolic process","2/8","356/16335",0.00561797752808989,11.4712078651685,4.42165704198959,0.0121582193712593,0.059447587740841,0.0285486839017379,"Itch/Gclc",2
"GO:2000561","regulation of CD4-positive, alpha-beta T cell proliferation","1/8","25/16335",0.04,81.675,8.93552492602151,0.0121808608762518,0.059447587740841,0.0285486839017379,"Itch",1
"GO:0010038","response to metal ion","2/8","362/16335",0.00552486187845304,11.2810773480663,4.37862486217363,0.0125535291449506,0.059447587740841,0.0285486839017379,"Hmox1/Gclc",2
"GO:0035739","CD4-positive, alpha-beta T cell proliferation","1/8","26/16335",0.0384615384615385,78.5336538461539,8.75792721097245,0.0126653828329035,0.059447587740841,0.0285486839017379,"Itch",1
"GO:0071371","cellular response to gonadotropin stimulus","1/8","26/16335",0.0384615384615385,78.5336538461539,8.75792721097245,0.0126653828329035,0.059447587740841,0.0285486839017379,"Gclc",1
"GO:0072537","fibroblast activation","1/8","26/16335",0.0384615384615385,78.5336538461539,8.75792721097245,0.0126653828329035,0.059447587740841,0.0285486839017379,"Gclc",1
"GO:0051402","neuron apoptotic process","2/8","366/16335",0.00546448087431694,11.1577868852459,4.35049678350113,0.0128202435457849,0.059447587740841,0.0285486839017379,"Hmox1/Gclc",2
"GO:0002507","tolerance induction","1/8","27/16335",0.037037037037037,75.625,8.59021329651548,0.0131496968274671,0.059447587740841,0.0285486839017379,"Itch",1
"GO:0042537","benzene-containing compound metabolic process","1/8","27/16335",0.037037037037037,75.625,8.59021329651548,0.0131496968274671,0.059447587740841,0.0285486839017379,"Txnrd1",1
"GO:1903306","negative regulation of regulated secretory pathway","1/8","27/16335",0.037037037037037,75.625,8.59021329651548,0.0131496968274671,0.059447587740841,0.0285486839017379,"Hmox1",1
"GO:0043043","peptide biosynthetic process","1/8","28/16335",0.0357142857142857,72.9241071428571,8.43149393860319,0.0136338029364554,0.0597683886305218,0.0287027430241167,"Gclc",1
"GO:0110075","regulation of ferroptosis","1/8","28/16335",0.0357142857142857,72.9241071428571,8.43149393860319,0.0136338029364554,0.0597683886305218,0.0287027430241167,"Hmox1",1
"GO:1904037","positive regulation of epithelial cell apoptotic process","1/8","28/16335",0.0357142857142857,72.9241071428571,8.43149393860319,0.0136338029364554,0.0597683886305218,0.0287027430241167,"Hmox1",1
"GO:0097707","ferroptosis","1/8","29/16335",0.0344827586206897,70.4094827586207,8.280988103672,0.0141177012363577,0.0609163415940433,0.0292540277361644,"Hmox1",1
"GO:0044346","fibroblast apoptotic process","1/8","30/16335",0.0333333333333333,68.0625,8.13800660209135,0.0146013918036402,0.0609163415940433,0.0292540277361644,"Btg1",1
"GO:0051882","mitochondrial depolarization","1/8","30/16335",0.0333333333333333,68.0625,8.13800660209135,0.0146013918036402,0.0609163415940433,0.0292540277361644,"Gclc",1
"GO:0097345","mitochondrial outer membrane permeabilization","1/8","30/16335",0.0333333333333333,68.0625,8.13800660209135,0.0146013918036402,0.0609163415940433,0.0292540277361644,"Gclc",1
"GO:1902042","negative regulation of extrinsic apoptotic signaling pathway via death domain receptors","1/8","30/16335",0.0333333333333333,68.0625,8.13800660209135,0.0146013918036402,0.0609163415940433,0.0292540277361644,"Hmox1",1
"GO:0000096","sulfur amino acid metabolic process","1/8","31/16335",0.032258064516129,65.866935483871,8.00193864920165,0.0150848747147455,0.0609163415940433,0.0292540277361644,"Gclc",1
"GO:1904706","negative regulation of vascular associated smooth muscle cell proliferation","1/8","31/16335",0.032258064516129,65.866935483871,8.00193864920165,0.0150848747147455,0.0609163415940433,0.0292540277361644,"Hmox1",1
"GO:0002719","negative regulation of cytokine production involved in immune response","1/8","32/16335",0.03125,63.80859375,7.87224075448138,0.0155681500460924,0.0609163415940433,0.0292540277361644,"Hmox1",1
"GO:0032801","receptor catabolic process","1/8","32/16335",0.03125,63.80859375,7.87224075448138,0.0155681500460924,0.0609163415940433,0.0292540277361644,"Itch",1
"GO:0060586","multicellular organismal-level iron ion homeostasis","1/8","32/16335",0.03125,63.80859375,7.87224075448138,0.0155681500460924,0.0609163415940433,0.0292540277361644,"Hmox1",1
"GO:0090594","inflammatory response to wounding","1/8","32/16335",0.03125,63.80859375,7.87224075448138,0.0155681500460924,0.0609163415940433,0.0292540277361644,"Hmox1",1
"GO:0009069","serine family amino acid metabolic process","1/8","33/16335",0.0303030303030303,61.875,7.74842747669997,0.0160512178740768,0.0609163415940433,0.0292540277361644,"Txnrd1",1
"GO:0036297","interstrand cross-link repair","1/8","33/16335",0.0303030303030303,61.875,7.74842747669997,0.0160512178740768,0.0609163415940433,0.0292540277361644,"Xpa",1
"GO:0043304","regulation of mast cell degranulation","1/8","33/16335",0.0303030303030303,61.875,7.74842747669997,0.0160512178740768,0.0609163415940433,0.0292540277361644,"Hmox1",1
"GO:0046329","negative regulation of JNK cascade","1/8","33/16335",0.0303030303030303,61.875,7.74842747669997,0.0160512178740768,0.0609163415940433,0.0292540277361644,"Itch",1
"GO:0031399","regulation of protein modification process","2/8","413/16335",0.00484261501210654,9.88801452784504,4.04966449632826,0.0161414269200806,0.0609163415940433,0.0292540277361644,"Itch/Gclc",2
"GO:2001233","regulation of apoptotic signaling pathway","2/8","415/16335",0.00481927710843374,9.84036144578313,4.03794697174595,0.016290299893837,0.0609481909821144,0.0292693228582553,"Hmox1/Gclc",2
"GO:1902110","positive regulation of mitochondrial membrane permeability involved in apoptotic process","1/8","34/16335",0.0294117647058824,60.0551470588235,7.63006368563474,0.0165340782750713,0.061331538216931,0.0294534187896006,"Gclc",1
"GO:0006536","glutamate metabolic process","1/8","35/16335",0.0285714285714286,58.3392857142857,7.51675804851902,0.017016731325424,0.0625869609765596,0.0300563140270647,"Gclc",1
"GO:0034698","response to gonadotropin","1/8","36/16335",0.0277777777777778,56.71875,7.40815751852478,0.0174991771014607,0.0627656434878837,0.0301421232369657,"Gclc",1
"GO:0097421","liver regeneration","1/8","36/16335",0.0277777777777778,56.71875,7.40815751852478,0.0174991771014607,0.0627656434878837,0.0301421232369657,"Hmox1",1
"GO:1902686","mitochondrial outer membrane permeabilization involved in programmed cell death","1/8","36/16335",0.0277777777777778,56.71875,7.40815751852478,0.0174991771014607,0.0627656434878837,0.0301421232369657,"Gclc",1
"GO:0016242","negative regulation of macroautophagy","1/8","37/16335",0.027027027027027,55.1858108108108,7.30394264803849,0.0179814156794829,0.06293495487819,0.0302234321268048,"Hmox1",1
"GO:0045920","negative regulation of exocytosis","1/8","37/16335",0.027027027027027,55.1858108108108,7.30394264803849,0.0179814156794829,0.06293495487819,0.0302234321268048,"Hmox1",1
"GO:0051150","regulation of smooth muscle cell differentiation","1/8","37/16335",0.027027027027027,55.1858108108108,7.30394264803849,0.0179814156794829,0.06293495487819,0.0302234321268048,"Rcan1",1
"GO:0048741","skeletal muscle fiber development","1/8","38/16335",0.0263157894736842,53.7335526315789,7.20382358470722,0.01846344713577,0.0630955595033399,0.0303005597420842,"Rcan1",1
"GO:1900016","negative regulation of cytokine production involved in inflammatory response","1/8","38/16335",0.0263157894736842,53.7335526315789,7.20382358470722,0.01846344713577,0.0630955595033399,0.0303005597420842,"Hmox1",1
"GO:2000515","negative regulation of CD4-positive, alpha-beta T cell activation","1/8","38/16335",0.0263157894736842,53.7335526315789,7.20382358470722,0.01846344713577,0.0630955595033399,0.0303005597420842,"Itch",1
"GO:0035794","positive regulation of mitochondrial membrane permeability","1/8","39/16335",0.0256410256410256,52.3557692307692,7.10753663572327,0.0189452715465764,0.0632480603939552,0.030373795677912,"Gclc",1
"GO:0042168","heme metabolic process","1/8","39/16335",0.0256410256410256,52.3557692307692,7.10753663572327,0.0189452715465764,0.0632480603939552,0.030373795677912,"Hmox1",1
"GO:0070884","regulation of calcineurin-NFAT signaling cascade","1/8","39/16335",0.0256410256410256,52.3557692307692,7.10753663572327,0.0189452715465764,0.0632480603939552,0.030373795677912,"Rcan1",1
"GO:0106056","regulation of calcineurin-mediated signaling","1/8","40/16335",0.025,51.046875,7.01484130742779,0.0194268889881343,0.0643608383271013,0.0309081881852197,"Rcan1",1
"GO:0045601","regulation of endothelial cell differentiation","1/8","41/16335",0.024390243902439,49.8018292682927,6.92551774441656,0.0199082995366517,0.0644791193948273,0.0309649906383114,"Btg1",1
"GO:0090049","regulation of cell migration involved in sprouting angiogenesis","1/8","41/16335",0.024390243902439,49.8018292682927,6.92551774441656,0.0199082995366517,0.0644791193948273,0.0309649906383114,"Hmox1",1
"GO:1902108","regulation of mitochondrial membrane permeability involved in apoptotic process","1/8","41/16335",0.024390243902439,49.8018292682927,6.92551774441656,0.0199082995366517,0.0644791193948273,0.0309649906383114,"Gclc",1
"GO:0043161","proteasome-mediated ubiquitin-dependent protein catabolic process","2/8","466/16335",0.00429184549356223,8.76341201716738,3.76364702782819,0.0202889784017951,0.065066503076826,0.0312470715721842,"Itch/Gclc",2
"GO:0006284","base-excision repair","1/8","42/16335",0.0238095238095238,48.6160714285714,6.83936450595208,0.0203895032683141,0.065066503076826,0.0312470715721842,"Xpa",1
"GO:0002701","negative regulation of production of molecular mediator of immune response","1/8","44/16335",0.0227272727272727,46.40625,6.67584393118393,0.0213512905856964,0.0661890008156589,0.0317861318493826,"Hmox1",1
"GO:0042398","modified amino acid biosynthetic process","1/8","44/16335",0.0227272727272727,46.40625,6.67584393118393,0.0213512905856964,0.0661890008156589,0.0317861318493826,"Gclc",1
"GO:0042743","hydrogen peroxide metabolic process","1/8","44/16335",0.0227272727272727,46.40625,6.67584393118393,0.0213512905856964,0.0661890008156589,0.0317861318493826,"Txnrd1",1
"GO:1904036","negative regulation of epithelial cell apoptotic process","1/8","44/16335",0.0227272727272727,46.40625,6.67584393118393,0.0213512905856964,0.0661890008156589,0.0317861318493826,"Hmox1",1
"GO:0014904","myotube cell development","1/8","45/16335",0.0222222222222222,45.375,6.59814953092962,0.0218318743236692,0.0671988188402299,0.0322710796273721,"Rcan1",1
"GO:0046640","regulation of alpha-beta T cell proliferation","1/8","46/16335",0.0217391304347826,44.3885869565217,6.52296853415781,0.0223122515492927,0.0681937829041764,0.0327488940456632,"Itch",1
"GO:0043434","response to peptide hormone","2/8","492/16335",0.0040650406504065,8.30030487804878,3.63950994719264,0.0224741504026045,0.06820826066245,0.0327558467406381,"Btg1/Gclc",2
"GO:0006778","porphyrin-containing compound metabolic process","1/8","47/16335",0.0212765957446809,43.4441489361702,6.45016688376652,0.0227924223386357,0.0686938284372769,0.0329890323322358,"Hmox1",1
"GO:0033173","calcineurin-NFAT signaling cascade","1/8","48/16335",0.0208333333333333,42.5390625,6.37962033833356,0.0232723867677425,0.0696566610841395,0.0334514161888422,"Rcan1",1
"GO:1902041","regulation of extrinsic apoptotic signaling pathway via death domain receptors","1/8","49/16335",0.0204081632653061,41.6709183673469,6.31121356654411,0.0237521449126346,0.0706056910416671,0.0339071715407472,"Hmox1",1
"GO:0045663","positive regulation of myoblast differentiation","1/8","50/16335",0.02,40.8375,6.24483934170256,0.02423169684931,0.0710237914683772,0.0341079570961404,"Btg1",1
"GO:0046636","negative regulation of alpha-beta T cell activation","1/8","50/16335",0.02,40.8375,6.24483934170256,0.02423169684931,0.0710237914683772,0.0341079570961404,"Itch",1
"GO:0043300","regulation of leukocyte degranulation","1/8","51/16335",0.0196078431372549,40.0367647058824,6.18039782351176,0.0247110426537441,0.0710237914683772,0.0341079570961404,"Hmox1",1
"GO:0046633","alpha-beta T cell proliferation","1/8","51/16335",0.0196078431372549,40.0367647058824,6.18039782351176,0.0247110426537441,0.0710237914683772,0.0341079570961404,"Itch",1
"GO:1905710","positive regulation of membrane permeability","1/8","51/16335",0.0196078431372549,40.0367647058824,6.18039782351176,0.0247110426537441,0.0710237914683772,0.0341079570961404,"Gclc",1
"GO:0034605","cellular response to heat","1/8","52/16335",0.0192307692307692,39.2668269230769,6.11779591616039,0.0251901824018875,0.0714545043295372,0.0343147995567508,"Hmox1",1
"GO:0035094","response to nicotine","1/8","52/16335",0.0192307692307692,39.2668269230769,6.11779591616039,0.0251901824018875,0.0714545043295372,0.0343147995567508,"Hmox1",1
"GO:0003254","regulation of membrane depolarization","1/8","54/16335",0.0185185185185185,37.8125,5.99776888194331,0.026147844032993,0.0722813013396111,0.0347118546331385,"Gclc",1
"GO:0043303","mast cell degranulation","1/8","54/16335",0.0185185185185185,37.8125,5.99776888194331,0.026147844032993,0.0722813013396111,0.0347118546331385,"Hmox1",1
"GO:0061082","myeloid leukocyte cytokine production","1/8","54/16335",0.0185185185185185,37.8125,5.99776888194331,0.026147844032993,0.0722813013396111,0.0347118546331385,"Hmox1",1
"GO:0097720","calcineurin-mediated signaling","1/8","54/16335",0.0185185185185185,37.8125,5.99776888194331,0.026147844032993,0.0722813013396111,0.0347118546331385,"Rcan1",1
"GO:0046902","regulation of mitochondrial membrane permeability","1/8","55/16335",0.0181818181818182,37.125,5.94018639793837,0.0266263660677414,0.0731382460341757,0.0351233876176735,"Gclc",1
"GO:0002448","mast cell mediated immunity","1/8","56/16335",0.0178571428571429,36.4620535714286,5.88412792758298,0.0271046823497719,0.0735214508737563,0.0353074151661503,"Hmox1",1
"GO:0006513","protein monoubiquitination","1/8","56/16335",0.0178571428571429,36.4620535714286,5.88412792758298,0.0271046823497719,0.0735214508737563,0.0353074151661503,"Itch",1
"GO:0033013","tetrapyrrole metabolic process","1/8","57/16335",0.0175438596491228,35.8223684210526,5.82952654952853,0.0275827929549199,0.0738081388739667,0.0354450921587325,"Hmox1",1
"GO:0002279","mast cell activation involved in immune response","1/8","58/16335",0.0172413793103448,35.2047413793103,5.7763193927745,0.0280606979589966,0.0738081388739667,0.0354450921587325,"Hmox1",1
"GO:0002931","response to ischemia","1/8","58/16335",0.0172413793103448,35.2047413793103,5.7763193927745,0.0280606979589966,0.0738081388739667,0.0354450921587325,"Rcan1",1
"GO:0006518","peptide metabolic process","1/8","58/16335",0.0172413793103448,35.2047413793103,5.7763193927745,0.0280606979589966,0.0738081388739667,0.0354450921587325,"Gclc",1
"GO:0043536","positive regulation of blood vessel endothelial cell migration","1/8","58/16335",0.0172413793103448,35.2047413793103,5.7763193927745,0.0280606979589966,0.0738081388739667,0.0354450921587325,"Hmox1",1
"GO:0039532","negative regulation of cytoplasmic pattern recognition receptor signaling pathway","1/8","59/16335",0.0169491525423729,34.6080508474576,5.72444732665164,0.0285383974377903,0.0746124366747048,0.0358313423759193,"Itch",1
"GO:0002042","cell migration involved in sprouting angiogenesis","1/8","60/16335",0.0166666666666667,34.03125,5.67385467933022,0.0290158914670665,0.0754065682437537,0.0362127104347883,"Hmox1",1
"GO:0030858","positive regulation of epithelial cell differentiation","1/8","61/16335",0.0163934426229508,33.4733606557377,5.62448898180213,0.0294931801225665,0.0761907153166302,0.0365892836107028,"Btg1",1
"GO:0050688","regulation of defense response to virus","1/8","62/16335",0.0161290322580645,32.9334677419355,5.57630073465595,0.0299702634800092,0.0769650553273609,0.0369611471133094,"Itch",1
"GO:0031397","negative regulation of protein ubiquitination","1/8","63/16335",0.0158730158730159,32.4107142857143,5.52924319528481,0.0304471416150892,0.0777297615349925,0.037328384147292,"Gclc",1
"GO:0009064","glutamine family amino acid metabolic process","1/8","64/16335",0.015625,31.904296875,5.48327218344407,0.030923814603479,0.0783202449082703,0.0376119536547114,"Gclc",1
"GO:0002886","regulation of myeloid leukocyte mediated immunity","1/8","65/16335",0.0153846153846154,31.4134615384615,5.43834590331751,0.0314002825208273,0.0783202449082703,0.0376119536547114,"Hmox1",1
"GO:0006749","glutathione metabolic process","1/8","65/16335",0.0153846153846154,31.4134615384615,5.43834590331751,0.0314002825208273,0.0783202449082703,0.0376119536547114,"Gclc",1
"GO:0070542","response to fatty acid","1/8","65/16335",0.0153846153846154,31.4134615384615,5.43834590331751,0.0314002825208273,0.0783202449082703,0.0376119536547114,"Hmox1",1
"GO:0060261","positive regulation of transcription initiation by RNA polymerase II","1/8","66/16335",0.0151515151515152,30.9375,5.3944247804604,0.0318765454427592,0.0790538326980428,0.0379642466025042,"Xpa",1
"GO:0031100","animal organ regeneration","1/8","67/16335",0.0149253731343284,30.4757462686567,5.35147131217111,0.0323526034448773,0.0797785789492998,0.0383122935531442,"Hmox1",1
"GO:0002534","cytokine production involved in inflammatory response","1/8","69/16335",0.0144927536231884,29.5923913043478,5.26832687327306,0.0333041049919642,0.0804651566425322,0.0386420107087591,"Hmox1",1
"GO:1900015","regulation of cytokine production involved in inflammatory response","1/8","69/16335",0.0144927536231884,29.5923913043478,5.26832687327306,0.0333041049919642,0.0804651566425322,0.0386420107087591,"Hmox1",1
"GO:0042440","pigment metabolic process","1/8","70/16335",0.0142857142857143,29.1696428571429,5.22807007253065,0.0337795486880211,0.0804651566425322,0.0386420107087591,"Hmox1",1
"GO:0048662","negative regulation of smooth muscle cell proliferation","1/8","70/16335",0.0142857142857143,29.1696428571429,5.22807007253065,0.0337795486880211,0.0804651566425322,0.0386420107087591,"Hmox1",1
"GO:0051148","negative regulation of muscle cell differentiation","1/8","70/16335",0.0142857142857143,29.1696428571429,5.22807007253065,0.0337795486880211,0.0804651566425322,0.0386420107087591,"Rcan1",1
"GO:0051865","protein autoubiquitination","1/8","70/16335",0.0142857142857143,29.1696428571429,5.22807007253065,0.0337795486880211,0.0804651566425322,0.0386420107087591,"Itch",1
"GO:0010656","negative regulation of muscle cell apoptotic process","1/8","71/16335",0.0140845070422535,28.7588028169014,5.18864904209184,0.0342547877664411,0.0804651566425322,0.0386420107087591,"Hmox1",1
"GO:0042130","negative regulation of T cell proliferation","1/8","71/16335",0.0140845070422535,28.7588028169014,5.18864904209184,0.0342547877664411,0.0804651566425322,0.0386420107087591,"Itch",1
"GO:0006879","intracellular iron ion homeostasis","1/8","72/16335",0.0138888888888889,28.359375,5.15003478079842,0.0347298223027093,0.0804651566425322,0.0386420107087591,"Hmox1",1
"GO:0071260","cellular response to mechanical stimulus","1/8","72/16335",0.0138888888888889,28.359375,5.15003478079842,0.0347298223027093,0.0804651566425322,0.0386420107087591,"Gclc",1
"GO:0060260","regulation of transcription initiation by RNA polymerase II","1/8","73/16335",0.0136986301369863,27.9708904109589,5.11219968027874,0.0352046523722891,0.0804651566425322,0.0386420107087591,"Xpa",1
"GO:0070098","chemokine-mediated signaling pathway","1/8","74/16335",0.0135135135135135,27.5929054054054,5.07511744004562,0.0356792780506203,0.0804651566425322,0.0386420107087591,"Itch",1
"GO:0071496","cellular response to external stimulus","1/8","74/16335",0.0135135135135135,27.5929054054054,5.07511744004562,0.0356792780506203,0.0804651566425322,0.0386420107087591,"Gclc",1
"GO:2000144","positive regulation of DNA-templated transcription initiation","1/8","74/16335",0.0135135135135135,27.5929054054054,5.07511744004562,0.0356792780506203,0.0804651566425322,0.0386420107087591,"Xpa",1
"GO:0001707","mesoderm formation","1/8","75/16335",0.0133333333333333,27.225,5.03876298883758,0.0361536994131193,0.0804651566425322,0.0386420107087591,"Txnrd1",1
"GO:0006289","nucleotide-excision repair","1/8","75/16335",0.0133333333333333,27.225,5.03876298883758,0.0361536994131193,0.0804651566425322,0.0386420107087591,"Xpa",1
"GO:0032436","positive regulation of proteasomal ubiquitin-dependent protein catabolic process","1/8","75/16335",0.0133333333333333,27.225,5.03876298883758,0.0361536994131193,0.0804651566425322,0.0386420107087591,"Gclc",1
"GO:1903321","negative regulation of protein modification by small protein conjugation or removal","1/8","75/16335",0.0133333333333333,27.225,5.03876298883758,0.0361536994131193,0.0804651566425322,0.0386420107087591,"Gclc",1
"GO:1904035","regulation of epithelial cell apoptotic process","1/8","75/16335",0.0133333333333333,27.225,5.03876298883758,0.0361536994131193,0.0804651566425322,0.0386420107087591,"Hmox1",1
"GO:1904705","regulation of vascular associated smooth muscle cell proliferation","1/8","76/16335",0.0131578947368421,26.8667763157895,5.00311241166778,0.0366279165351792,0.0811046723278967,0.0389491271426717,"Hmox1",1
"GO:0051145","smooth muscle cell differentiation","1/8","77/16335",0.012987012987013,26.5178571428571,4.96814288209765,0.0371019294921704,0.081555468052295,0.0391656140537337,"Rcan1",1
"GO:0090559","regulation of membrane permeability","1/8","78/16335",0.0128205128205128,26.1778846153846,4.93383259929834,0.0375757383594394,0.081555468052295,0.0391656140537337,"Gclc",1
"GO:0045576","mast cell activation","1/8","79/16335",0.0126582278481013,25.8465189873418,4.90016072950522,0.0380493432123105,0.081555468052295,0.0391656140537337,"Hmox1",1
"GO:0048332","mesoderm morphogenesis","1/8","79/16335",0.0126582278481013,25.8465189873418,4.90016072950522,0.0380493432123105,0.081555468052295,0.0391656140537337,"Txnrd1",1
"GO:1990874","vascular associated smooth muscle cell proliferation","1/8","79/16335",0.0126582278481013,25.8465189873418,4.90016072950522,0.0380493432123105,0.081555468052295,0.0391656140537337,"Hmox1",1
"GO:0002704","negative regulation of leukocyte mediated immunity","1/8","80/16335",0.0125,25.5234375,4.86710735150736,0.038522744126084,0.081555468052295,0.0391656140537337,"Hmox1",1
"GO:0008625","extrinsic apoptotic signaling pathway via death domain receptors","1/8","80/16335",0.0125,25.5234375,4.86710735150736,0.038522744126084,0.081555468052295,0.0391656140537337,"Hmox1",1
"GO:0070534","protein K63-linked ubiquitination","1/8","80/16335",0.0125,25.5234375,4.86710735150736,0.038522744126084,0.081555468052295,0.0391656140537337,"Itch",1
"GO:1901874","negative regulation of post-translational protein modification","1/8","80/16335",0.0125,25.5234375,4.86710735150736,0.038522744126084,0.081555468052295,0.0391656140537337,"Gclc",1
"GO:2000514","regulation of CD4-positive, alpha-beta T cell activation","1/8","81/16335",0.0123456790123457,25.2083333333333,4.83465340584743,0.0389959411760374,0.0819594140949398,0.0393596022090664,"Itch",1
"GO:0045661","regulation of myoblast differentiation","1/8","82/16335",0.0121951219512195,24.9009146341463,4.80278064743697,0.0394689344374249,0.0819594140949398,0.0393596022090664,"Btg1",1
"GO:1990868","response to chemokine","1/8","82/16335",0.0121951219512195,24.9009146341463,4.80278064743697,0.0394689344374249,0.0819594140949398,0.0393596022090664,"Itch",1
"GO:1990869","cellular response to chemokine","1/8","82/16335",0.0121951219512195,24.9009146341463,4.80278064743697,0.0394689344374249,0.0819594140949398,0.0393596022090664,"Itch",1
"GO:2000142","regulation of DNA-templated transcription initiation","1/8","83/16335",0.0120481927710843,24.6009036144578,4.77147160131915,0.0399417239854774,0.0819623290323766,0.0393610020577506,"Xpa",1
"GO:0043112","receptor metabolic process","1/8","84/16335",0.0119047619047619,24.3080357142857,4.74070952133455,0.0404143098954035,0.0819623290323766,0.0393610020577506,"Itch",1
"GO:0043299","leukocyte degranulation","1/8","84/16335",0.0119047619047619,24.3080357142857,4.74070952133455,0.0404143098954035,0.0819623290323766,0.0393610020577506,"Hmox1",1
"GO:0051881","regulation of mitochondrial membrane potential","1/8","84/16335",0.0119047619047619,24.3080357142857,4.74070952133455,0.0404143098954035,0.0819623290323766,0.0393610020577506,"Gclc",1
"GO:0014823","response to activity","1/8","85/16335",0.0117647058823529,24.0220588235294,4.71047835146757,0.0408866922423871,0.0819623290323766,0.0393610020577506,"Gclc",1
"GO:0032418","lysosome localization","1/8","85/16335",0.0117647058823529,24.0220588235294,4.71047835146757,0.0408866922423871,0.0819623290323766,0.0393610020577506,"Hmox1",1
"GO:0034644","cellular response to UV","1/8","85/16335",0.0117647058823529,24.0220588235294,4.71047835146757,0.0408866922423871,0.0819623290323766,0.0393610020577506,"Xpa",1
"GO:0050672","negative regulation of lymphocyte proliferation","1/8","86/16335",0.0116279069767442,23.7427325581395,4.68076268967041,0.041358871101591,0.0819623290323766,0.0393610020577506,"Itch",1
"GO:0071230","cellular response to amino acid stimulus","1/8","86/16335",0.0116279069767442,23.7427325581395,4.68076268967041,0.041358871101591,0.0819623290323766,0.0393610020577506,"Gclc",1
"GO:1990849","vacuolar localization","1/8","86/16335",0.0116279069767442,23.7427325581395,4.68076268967041,0.041358871101591,0.0819623290323766,0.0393610020577506,"Hmox1",1
"GO:0032945","negative regulation of mononuclear cell proliferation","1/8","88/16335",0.0113636363636364,23.203125,4.62281935075056,0.0423026186571891,0.0834515295328185,0.0400761650436528,"Itch",1
"GO:0006839","mitochondrial transport","1/8","89/16335",0.0112359550561798,22.9424157303371,4.59456384486986,0.042774187503791,0.0839999881296168,0.0403395528733061,"Gclc",1
"GO:0140962","multicellular organismal-level chemical homeostasis","1/8","90/16335",0.0111111111111111,22.6875,4.56676813177754,0.0432455531630282,0.08454310843583,0.0406003770805102,"Hmox1",1
"GO:0016239","positive regulation of macroautophagy","1/8","92/16335",0.0108695652173913,22.1942934782609,4.51250616241753,0.0441876752195705,0.0859975383197021,0.0412988420744628,"Hmox1",1
"GO:0071229","cellular response to acid chemical","1/8","94/16335",0.0106382978723404,21.7220744680851,4.459938257291,0.0451289854269072,0.0874374092646328,0.0419903153878178,"Gclc",1
"GO:0070664","negative regulation of leukocyte proliferation","1/8","95/16335",0.0105263157894737,21.4934210526316,4.43426175499106,0.0455993362745511,0.0875668670051115,0.0420524852462093,"Itch",1
"GO:2000060","positive regulation of ubiquitin-dependent protein catabolic process","1/8","95/16335",0.0105263157894737,21.4934210526316,4.43426175499106,0.0455993362745511,0.0875668670051115,0.0420524852462093,"Gclc",1
"GO:0016579","protein deubiquitination","1/8","97/16335",0.0103092783505155,21.0502577319588,4.38407152450213,0.0465394298324433,0.0885882129266684,0.0425429690989094,"Itch",1
"GO:0043535","regulation of blood vessel endothelial cell migration","1/8","97/16335",0.0103092783505155,21.0502577319588,4.38407152450213,0.0465394298324433,0.0885882129266684,0.0425429690989094,"Hmox1",1
"GO:0001938","positive regulation of endothelial cell proliferation","1/8","99/16335",0.0101010101010101,20.625,4.33536646717041,0.047478713039744,0.0899814910884232,0.0432120670276687,"Hmox1",1
"GO:0044272","sulfur compound biosynthetic process","1/8","100/16335",0.01,20.41875,4.3115477165421,0.0479480509490616,0.0904758874430119,0.0434494923932,"Gclc",1
"GO:0043648","dicarboxylic acid metabolic process","1/8","101/16335",0.0099009900990099,20.2165841584158,4.28807310753959,0.0484171864952526,0.0909656231122928,0.0436846795445888,"Gclc",1
"GO:0050848","regulation of calcium-mediated signaling","1/8","102/16335",0.00980392156862745,20.0183823529412,4.26493423414963,0.0488861197531087,0.0911489584939213,0.043772723215611,"Rcan1",1
"GO:0002275","myeloid cell activation involved in immune response","1/8","103/16335",0.00970873786407767,19.8240291262136,4.24212297596573,0.0493548507973998,0.0911489584939213,0.043772723215611,"Hmox1",1
"GO:0010507","negative regulation of autophagy","1/8","103/16335",0.00970873786407767,19.8240291262136,4.24212297596573,0.0493548507973998,0.0911489584939213,0.043772723215611,"Hmox1",1
"GO:0043124","negative regulation of canonical NF-kappaB signal transduction","1/8","103/16335",0.00970873786407767,19.8240291262136,4.24212297596573,0.0493548507973998,0.0911489584939213,0.043772723215611,"Itch",1
"GO:0071482","cellular response to light stimulus","1/8","104/16335",0.00961538461538462,19.6334134615385,4.21963148581792,0.0498233797028718,0.0916243508095184,0.0440010222175228,"Xpa",1
"GO:0002532","production of molecular mediator involved in inflammatory response","1/8","105/16335",0.00952380952380952,19.4464285714286,4.19745217805132,0.0502917065442477,0.0917084060512753,0.0440413883050025,"Hmox1",1
"GO:0007006","mitochondrial membrane organization","1/8","105/16335",0.00952380952380952,19.4464285714286,4.19745217805132,0.0502917065442477,0.0917084060512753,0.0440413883050025,"Gclc",1
"GO:0070936","protein K48-linked ubiquitination","1/8","106/16335",0.00943396226415094,19.2629716981132,4.17557771741394,0.0507598313962285,0.0921747565939882,0.0442653451506419,"Itch",1
"GO:0044344","cellular response to fibroblast growth factor stimulus","1/8","107/16335",0.00934579439252336,19.0829439252336,4.15400100851632,0.0512277543334906,0.092252470459481,0.0443026659009877,"Gclc",1
"GO:0070555","response to interleukin-1","1/8","107/16335",0.00934579439252336,19.0829439252336,4.15400100851632,0.0512277543334906,0.092252470459481,0.0443026659009877,"Gclc",1
"GO:0051899","membrane depolarization","1/8","108/16335",0.00925925925925926,18.90625,4.13271518582888,0.0516954754306891,0.0923285445963748,0.0443391991998113,"Gclc",1
"GO:1901800","positive regulation of proteasomal protein catabolic process","1/8","108/16335",0.00925925925925926,18.90625,4.13271518582888,0.0516954754306891,0.0923285445963748,0.0443391991998113,"Gclc",1
"GO:0010595","positive regulation of endothelial cell migration","1/8","110/16335",0.00909090909090909,18.5625,4.09098982975683,0.0526303124033948,0.093230839114585,0.0447725106589567,"Hmox1",1
"GO:1904019","epithelial cell apoptotic process","1/8","110/16335",0.00909090909090909,18.5625,4.09098982975683,0.0526303124033948,0.093230839114585,0.0447725106589567,"Hmox1",1
"GO:0010660","regulation of muscle cell apoptotic process","1/8","114/16335",0.0087719298245614,17.9111842105263,4.01075105606419,0.0544975675502685,0.0961461151090102,0.0461725219296241,"Hmox1",1
"GO:0071774","response to fibroblast growth factor","1/8","115/16335",0.00869565217391304,17.7554347826087,3.99132662999435,0.0549638778554038,0.0965762064341913,0.0463790659082461,"Gclc",1
"GO:0002444","myeloid leukocyte mediated immunity","1/8","116/16335",0.00862068965517241,17.6023706896552,3.97214539437631,0.0554299869168807,0.0970024771045413,0.0465837750829473,"Hmox1",1
"GO:0070646","protein modification by small protein removal","1/8","117/16335",0.00854700854700855,17.4519230769231,3.9532021766859,0.055895894809147,0.0970672027669681,0.0466148584716461,"Itch",1
"GO:0008637","apoptotic mitochondrial changes","1/8","118/16335",0.00847457627118644,17.3040254237288,3.93449195769603,0.0563616016066266,0.0970672027669681,0.0466148584716461,"Gclc",1
"GO:0046634","regulation of alpha-beta T cell activation","1/8","118/16335",0.00847457627118644,17.3040254237288,3.93449195769603,0.0563616016066266,0.0970672027669681,0.0466148584716461,"Itch",1
"GO:0048661","positive regulation of smooth muscle cell proliferation","1/8","118/16335",0.00847457627118644,17.3040254237288,3.93449195769603,0.0563616016066266,0.0970672027669681,0.0466148584716461,"Hmox1",1
"GO:0002367","cytokine production involved in immune response","1/8","121/16335",0.00826446280991736,16.875,3.87971128017046,0.0577575161742476,0.0971866538153206,0.0466722227878571,"Hmox1",1
"GO:0002718","regulation of cytokine production involved in immune response","1/8","121/16335",0.00826446280991736,16.875,3.87971128017046,0.0577575161742476,0.0971866538153206,0.0466722227878571,"Hmox1",1
"GO:0042542","response to hydrogen peroxide","1/8","121/16335",0.00826446280991736,16.875,3.87971128017046,0.0577575161742476,0.0971866538153206,0.0466722227878571,"Hmox1",1
"GO:0045445","myoblast differentiation","1/8","121/16335",0.00826446280991736,16.875,3.87971128017046,0.0577575161742476,0.0971866538153206,0.0466722227878571,"Btg1",1
"GO:0010657","muscle cell apoptotic process","1/8","122/16335",0.00819672131147541,16.7366803278689,3.86188573215383,0.0582224193363672,0.0971866538153206,0.0466722227878571,"Hmox1",1
"GO:0010821","regulation of mitochondrion organization","1/8","122/16335",0.00819672131147541,16.7366803278689,3.86188573215383,0.0582224193363672,0.0971866538153206,0.0466722227878571,"Gclc",1
"GO:0039531","regulation of cytoplasmic pattern recognition receptor signaling pathway","1/8","122/16335",0.00819672131147541,16.7366803278689,3.86188573215383,0.0582224193363672,0.0971866538153206,0.0466722227878571,"Itch",1
"GO:0045446","endothelial cell differentiation","1/8","122/16335",0.00819672131147541,16.7366803278689,3.86188573215383,0.0582224193363672,0.0971866538153206,0.0466722227878571,"Btg1",1
"GO:0007498","mesoderm development","1/8","124/16335",0.00806451612903226,16.4667338709677,3.82686044786833,0.059151623565868,0.0983594047033974,0.0472354162776441,"Txnrd1",1
"GO:0043200","response to amino acid","1/8","127/16335",0.0078740157480315,16.0777559055118,3.77582560686947,0.0605439257872321,0.0999089878009838,0.0479795769696696,"Gclc",1
"GO:1903052","positive regulation of proteolysis involved in protein catabolic process","1/8","127/16335",0.0078740157480315,16.0777559055118,3.77582560686947,0.0605439257872321,0.0999089878009838,0.0479795769696696,"Gclc",1
