"probe","logFC","AveExpr","t","P.Value","adj.P.Val","gene_symbol"
"1448239_at",3.83364297586124,11.1444644701305,12.4137502943761,1.24277221078631e-14,1.40125673696683e-10,"Hmox1"
"1425351_at",2.61355364944152,9.17371254314163,7.45614226871433,7.90665840725209e-09,4.24521667649377e-06,"Srxn1"
"1426875_s_at",2.0208165949,10.2674085514757,6.78330029233144,6.05274233193938e-08,2.33733557631296e-05,"Srxn1"
"1431316_at",-1.18458387725981,5.25631479125919,-6.29402909241433,2.71418273319075e-07,7.55631823763184e-05,"Itch"
"1416600_a_at",1.48757307673658,9.25069414428983,6.17600592898886,3.90494495913855e-07,0.000100066433296652,"Rcan1"
"1442018_at",1.88569789483708,6.03802058850238,5.79924928873823,1.25041750348031e-06,0.000250644799219847,"Btg1"
"1424296_at",1.41693477002997,11.9273858721428,5.58248287033554,2.4442452554212e-06,0.000422367453121654,"Gclc"
"1421529_a_at",1.05885494300285,11.0359232416288,4.98160522806852,1.5571786322785e-05,0.0017426876797616,"Txnrd1"
"1416601_a_at",1.39992610443829,7.87936371562391,4.85754703713216,2.27636619453649e-05,0.00231752577290723,"Rcan1"
